ジ,乳,事,二,児,地,子,字,寺,尓,師,慈,持,時,柱,次,璽,痔,磁,耳,自,路,辞,辭,死,締,志,仕,侍,凝,強,憤,敷,染,治,焦,爺,知,確,占
ジャ,者,蛇,邪,戯,茶
ジャズ,jazz
ズ,図,圖,酢,醋,頭,好,寿,外,津,擦,住,刷,据,搗,済,突
シ,仕,使,刺,史,司,四,址,士,始,子,市,師,志,指,支,枝,梓,歯,死,氏,為,私,糸,紙,緇,肢,視,觜,詞,試,詩,誌,資,賜,趾,錙,駟,知,締,敷,絞,凍,占,叱,嗣,報,如,布,強,施,染,検,沁,泌,浸,湿,滲,然,痴,白,確,示,緊,繁,自,誣,識,酸,閉,雌,下,止,芝
シャ,射,斜,瀉,砂,社,紗,者,舎,謝,車,写,偕揚社,凡美社,遊文舎,喋,遮
シャン,shan
ン,誕
ソ,其,曽,楚,疎,疽,祖,祚,租,粗,素,蘇,酥,麤,鼠,添,剃,染,訴,初,削,副,厥,反,咀,外,殺,沿,然,背,逸
ソン,孫,尊,損,村,樽,遜,邨,存,宋
ソンカ,孫和
カ,下,乎,仮,何,価,加,化,可,嘉,夏,家,彼,戈,日,果,架,柯,歌,歟,河,火,禍,科,窩,花,華,蚊,課,貨,賈,軻,過,香,鹿,描,返,掛,換,代,変,勝,買,飼,母,欠,替,嗄,交,掻,搔,赤,懸,書,貸,ヵ,且,予,借,假,克,兼,刈,刮,剋,呵,咬,嗅,嘗,噛,噬,嚙,嚼,回,嫁,嬶,市,帰,微,恁,抓,挂,捷,掠,擤,攪,支,改,斯,易,枯,歸,涸,渇,片,狩,玷,禾,穫,繫,缺,罹,翔,考,肩,臭,舁,苅,藉,賢,賭,躱,酤,闕,限,馳,駆,駈,黴,佳,海
カシ,加脂,樫,河岸,瑕疵,菓子,貸,過脂,賀志,香至,cashi,賈至,傾,炊,賢
カシュ,嫁娶,華聚
シュ,主,呪,守,手,朱,株,炷,珠,種,腫,衆,酒,須,首,川
ナ,亡,儺,名,失,奈,奴,無,莫,菜,泣,鳴,成,撫,投,哭,並,啼,慣,倣,做,凪,勿,号,和,喪,嘗,均,形,微,抛,无,欷,歿,殴,没,済,為,熟,狎,甜,生,綯,罔,習,舐,萎,薙,那,馴,長
ナマ,生,怠,懶,艶,訛,鈍
マ,眞,真,間,馬,魔,[ma],混,摩,負,巻,増,交,曲,待,舞,撒,蒔,俟,先,卷,回,屈,廻,抂,捲,播,敗,未,枉,況,目,眼,磨,稀,竢,紛,纒,雑,麻
マム,ma'am,m.a.m,mam
マムギ,万无岐,万牟歧
ム,六,夢,無,牟,mgova,向,群,務,剝,剥,蒸,却,咽,噎,対,生,産
ムギ,武儀,麦,冬麦
ギ,偽,儀,妓,戯,技,擬,木,柝,樹,気,氣,疑,着,祇,紀,義,議,魏,切,黄,斬,消,聞,決,伐,剪,截,斫,極,欺,汚,祈,艤,岐
ギナマ,宜名真
マゴ,孫,間吾,紛
マゴメ,眞篭,真篭,馬篭,馬籠,馬込,眞籠,真籠,間込
ゴ,五,仔,伍,児,呉,娘,子,後,御,期,棊,碁,語,誤,豆汁,豆油,請,込,越,孫,籠,護,濃,乞,午,極,篭,超
ゴメ,米
メ,女,奴,海布,目,眼,芽,雌,召,孔,娶,愛,滅,美
メナ,目七
マタ,亦,又,叉,復,股,瞬,跨
マタマ,俣摩,全間
タ,他,多,田,誰,立,足,食,汰,勃,垂,太,溜,建,但,佇,倦,偶,喰,堪,彳,截,断,斷,樹,滴,炊,炷,点,為,焚,爲,発,矯,祗,経,給,絶,耐,蓄,薫,裁,貯,賜,起,長,闌,高
タマ,偶,多満,多麿,弾,玉,珠,球,霊,魂,tama,玉麻,田广,給,堪,溜,耐,貯,賚,賜,遇
タマゴ,卵
ロ,廬,櫓,炉,盧,絽,艣,艪,路,露,驢,魯
ロウ,労,婁,廊,楼,樓,浪,漏,牢,琅,瘻,老,聾,蝋,蠟,郎,鑞,隴,row,rowe,朗,弄,臈
ロウニャク,老若
ロウニャクナンニョ,老若男女
ウ,于,兎,卯,右,塢,宇,得,憂,有,禹,羽,雨,鵜,受,打,討,浮,売,生,棒,撃,植,請,埋,亨,享,伐,倦,呻,塡,失,射,惓,承,拍,搏,摶,撾,泛,熟,獲,産,績,胡,膿,茹,薄,賣,迂,飢,餒,餓,烏,島,教
ウニ,海胆,雲丹,恩希,有尓,有爾,uni
ニ,丹,二,似,尼,弐,烹,煮,肖,荷,二引,逃,仁,兄,憎,沸,迯,遁
ク,九,具,区,區,口,句,吼,来,狗,瞿,苦,躯,軀,暮,組,暗,喰,食,繰,下,与,刳,加,呉,咬,啖,奇,悔,拱,昏,朽,比,汲,焚,焼,眩,絎,酌,配
クナ,久那,紅菜
ナン,何,南,男,軟,難,nahn,nan
ナンニ,nanni
ナンニョ,男女
ア,亜,亞,啞,婀,痾,合,当,揚,上,明,開,荒,編,空,逢,会,挙,敢,和,遇,悪,併,倦,兄,充,厭,叫,呀,呆,呈,在,宛,彼,急,惡,或,擧,新,昂,晤,有,浴,焦,舉,褪,遭,阿,飽,騰
アカ,垢,朱,淦,紅,緋,赤,赧,赫,赭,閼伽,阿哥,阿迦,argha,阿賀,明,灯,証,證,頒
カパ,kapha
パ,把,波,派,羽,恥,歯,張,葉,禿
パジ,始
ジャマ,jama
マキ,万季,万紀,卷,巻,槇,槙,満喜,牧,真城,真妃,真輝,薪,万喜,万希,万樹,万生,万綺,万記,万貴,万輝,愛貴,槇木,槙木,満希,満木,満紀,牧記,眞叶,眞妃,眞輝,真嬉,真暉,真槻,真葵,磨輝,舞輝,茉季,茉希,茉樹,茉生,茉紀,茉綺,茉葵,茉貴,萬紀,蒔月,鞠記,麗輝,麻城,麻妃,麻桔,麻葵,麻輝,麿基,maki,麻公
キ,伎,几,危,喜,器,圻,基,奇,姫,季,岐,希,徽,忌,揆,旗,既,期,木,来,柝,桅,樹,機,毅,気,氣,汽,熹,生,畿,癸,着,祺,稀,簋,紀,綺,著,葱,衣,規,記,豨,貴,起,軌,郗,騎,驥,鬼,黄,鍵盤付,聞,切,消,決,伐,來,其,决,利,剪,効,尋,屹,帰,截,揮,斫,斬,極,汚,祈,絶,聴,聽,訊,鑽,飢,崎,棄
マチ,万智,待,満智,町,真弛,街,襠,万知,茉智,茉知,麻灯,machi
チ,乳,値,地,家,智,池,治,痴,癡,知,稚,茅,血,遅,千欣,散,恥,置,致,些,千,小,禿
チャ,茶
アオ,碧,蒼,青,愛勇,杏央,葵桜,a-o,青央,仰,呷,扇,淡,煽,靑
アオマ,葵真
オ,尾,御,汚,緒,苧,雄,麻,aux,押,落,織,合,起,負,下,降,惜,置,折,青,終,追,夫,会,老,逢,遇,懼,男,了,佩,俺,卒,同,喚,圧,在,堕,墜,大,小,居,已,帯,怖,思,招,捺,推,措,擱,於,晤,生,竟,趁,逐,遭,陥,隕,鬼,遅
オマ,oma
オマキ,尾巻キ
マキガミ,巻キ紙,巻キ髪
キガ,帰臥,起臥,飢餓,饑餓
ガ,ヶ,何,娥,我,河,画,蛾,賀,雅,駕,鵞,芽,嚙,書,狩,枯,買,代,替,家,牙,返,変,勝,掛,借,刈,飼,貸,換,懸,掻,架,瓦,藉,賭
ガミ,神,紙,髪,gami,上
ミ,三,味,実,巳,御,未,看,瞥,箕,見,視,覧,観,診,試,身,躬,靚,mimee,美,海,申,充,水,満,皆,盈,瞰,神,魅
ミア,実安,弥明,彌亜,未杏,海朱,珠明,美安,美藍,美青,翠愛,見彩,観愛,mia
ミアカ,美愛加
アカマ,赤麿
カマ,窯,竈,罐,釜,鎌,嘉万,嘉満,感,構
カマキ,鎌城
ミキ,三輝,實希,峯希,幹,御酒,楨,水絹,瑞希,神酒,美妃,美幾,光揮,実城,実嬉,実浄,実葵,実輝,實城,實淨,己城,己基,己貴,巳己,巳葵,弥季,弥希,弥樹,弥葵,弥輝,御城,望希,未妃,未絆,未葵,泉紀,深喜,深季,深希,深樹,深生,深絆,深葵,深貴,深輝,美公,美埼,美嬉,美桔,美輝,美麒,規城,訪生,魅輝,miki,慧樹,美支
キマ,定,極,決
ジョ,処,助,叙,女,序,徐,恕,所,敍,薯,除
ジョセツ,如拙,絮説
ジョセツシャ,除雪車
セ,世,仕,施,瀬,為,畝,背,脊,節,責,咳,堰,塞,忙,急,攻,狭,競,糶,迫,礁
セツ,切,刹,勢津,接,摂,泄,節,薛,設,説,雪,世都,成津,渫
ツ,唾,津,釣,付,着,継,連,詰,突,接,摘,憑,攣,積,亜,伴,凝,即,卽,吊,吐,告,嗣,噤,就,尽,尾,従,搗,撞,支,放,次,注,活,浸,漬,潰,点,燗,盡,瞑,築,繼,著,衝,訃,誥,跟,蹤,附
ツシ,都志,桶師
シャジ,匙
ジョセツサギョウ,除雪作業
サ,些,仕,佐,叉,左,差,査,沙,為,然,砂,鎖,小,紗,咲,刺,去,下,裂,提,指,鏽,覚,先,冱,冴,冷,割,叫,寂,寒,寤,射,往,挿,探,止,注,清,点,落,螫,褪,触,退,逆,避,醒,銹,錆,障,茶
サギ,詐偽,詐欺,鷺
サギョウ,作業
サギョウチュウ,作業中
ギョ,魚,御,漁,馭
ギョウ,堯,尭,業,経,行,鄴,仰
ギョウチュウ,蟯虫
ウチ,中,内,宇馳,家,打,衷,裡,討
ウチュウ,右仲
チュ,邾,美
チュウ,中,宙,忠,柱,注,紂,肘,虫,註,誅,酎,鈕,駐,chu,冲,抽,沖,躊,昼,厨
ト,兎,十,堵,屠,徒,戸,斗,杜,涂,砥,途,都,九斗,取,跳,解,飛,吐,捕,止,遂,採,留,泊,盗,登,研,停,問,執,夙,奪,富,尖,征,拿,捉,摂,撮,攬,梳,溶,熔,燈,父,獲,疾,磨,穫,綴,緘,翔,融,訪,説,賭,釈,鋭,録,鎖,鑠,閉,除,駐
トナ,十七,墨名,都納,唱,殉,称,稱,誦,隣
トナリ,鄰,隣,十七里,戸鳴,渡成
ナリ,也,哉,容形,形,nari,成
リ,利,吏,李,理,痢,裏,裡,里,離,re:,莉,梨
リノ,reno,凌乃,凛乃,凛暖,梨希,涼乃,璃乃,莉埜,莉暖,rino,re:no,lino
ノ,乃,之,幅,廼,野,野又肇,無,吞,乗,呑,除,飲,伸,延,退,載,述,乘,亡,叙,喫,嚥,失,宣,展,搭,暢,服,熨,綯,莫,逃,遁,陳
ノキ,軒,納城,野寄
キャク,客,格,脚,卻
ハ,刃,坡,巴,播,歯,波,派,破,端,羽,葉,覇,安力川,角竜類,張,恥,掃,跳,剝,映,佩,刎,刷,剥,匍,匐,吐,喀,喰,塡,填,墾,外,奔,將,履,嵌,弾,愧,慙,捌,接,撥,斜,早,晴,果,栄,泊,涯,爆,生,矧,禿,穿,篏,羞,耻,腫,貼,蹈,躍,這,運,銜,霽,食,馳,駆,齒
ハヨ,早,捷,疾,迅,速
ヨ,yo,与,世,予,代,余,佳,善,四,夜,好,宜,快,悦,良,豫,寄,呼,誉,読,除,酔,依,倚,克,喚,因,憑,択,招,拠,捻,撚,撰,據,攀,横,止,由,称,縁,縒,縦,能,訓,詠,誦,讀,過,選,避
ヨク,慾,欲,浴,翌,翼,抑
ヨクカキ,欲掻キ
クカ,久賀
カキ,下鰭,嘉煕,垣,堵墻,墻,書,柿,柿子,牡蛎,牡蠣,舁,花卉,賀喜,甲木,角
キク,企救,危懼,崎嶇,幾久,禧久,菊,規矩,麴,希久,希玖,木久,樹久,樹來,樹玖,樹紅,生空,紀玖,菊玖,掬
キクウ,鞠塢
クウ,空,腔,玖宇,紅宇,雲羽,kuu,玖羽
クウキ,qu-ki
ウキ,宇城,泛子,浮,浮子,優毅,夘木,uki,樹
クダ,管,玖田,下,砕,件,摧,碎,降
ダ,堕,大,惰,打,田,舵,駄,出,立,垂,抱,溜,多,丈,佇,勃,建,弛,彳,樹,欺,誰,起,高,黙
コ,仔,個,児,古,呼,壷,娘,子,孤,小,庫,弧,戸,扈,故,来,湖,滬,濃,粉,股,胡,胯,蚕,蠱,觚,顧,込,越,起,混,交,超,鼓,焦,之,乞,來,倒,凝,困,固,媚,市,恁,恋,恐,懲,戀,扱,抉,拵,捏,支,放,斯,是,木,枯,梱,樵,樹,此,殺,沃,漉,漕,濾,痩,瘦,篭,籠,罩,肥,請,買,踰,転,這,酤,飼
コノ,此,好乃,狐野,香乃,好
クギ,供儀,供犠,釘,工木,劃
ヒ,一,丕,乾,卑,否,妃,婢,干,悲,日,曾,杼,桧,梭,樋,檜,比,火,灯,碑,秘,簸,緋,脾,被,譬,費,避,陽,非,飛,引,冷,肥,皮,曳,奏,延,弾,彎,惹,抽,挽,放,曵,漬,牽,碾,索,負,輓,轢,退,開,陳,魅
ヒキ,匹,引,挽,比企,疋,蟇,誹毀,誹譏,避諱,非毀,hiki,低,卑,率
ヒキヌキ,引キ抜キ,引抜キ
キヌ,帛布,絹,衣,鬼怒
ヌ,寐,寝,沼田藩,抜,貫,塗,縫,脱,濡,吐,拔
ヌキ,緯,貫,抽,擢,温
ニク,二駆,憎,肉,難,niku,悪
クイ,久井,咋,悔,杙,杭,盱眙,食,喰
イ,五,井,亥,伊,位,偉,医,委,威,射,居,意,懿,易,潙,為,異,胃,萎,藺,衣,違,遺,鋳,韋,井髙,入,容,出,言,炒,煎,行,囲,良,生,云,一,凍,去,可,善,埋,好,嫌,寝,往,忌,快,息,慰,挿,曰,活,淹,熬,癒,納,美,苛,要,謂,逝,猪
イク,以久,伊久,幾,意気,昱,育,郁,井久,井玖,亥久,亥玖,伊來,伊玖,伊紅,佑育,唯來,意空,猪久,猪玖,行玖,衣久,衣玖,衣紅,iku,戦
ギダ,犠打,祇陀,祗陀
コウ,亢,交,侯,候,光,公,功,劫,効,口,后,向,吼,坑,好,孔,孝,工,幸,広,庚,康,後,恍,抗,攷,攻,敖,暠,校,汞,江,洪,洸,浩,港,溝,炕,煌,爻,璜,甲,皇,皎,硬,礦,神,稿,篙,糕,紅,絳,綱,羹,考,耕,耿,腔,膏,航,行,衡,講,鉱,鋼,鎬,闔,降,項,香,高,鴻,黄,黌,昊洸,琥羽,瑚羽,皐羽,航生,kou,酵,困,嵩,巧,慷,昂,梱,肯,芳,薨,倖
コウカ,公價,喉下,弘化,甲賀,膠化,閣下,閤下,高價,晃華,滉花,興華
コウカキ,幸加木
コウカキョウ,高架橋
ウカ,齲窩,宇迦,宇郁,詩夏,uca,uka,浮,伺,泛
カキョ,科舉
カキョウ,何恭,嘉慶,花嬌,夏恭
キョ,居,巨,挙,渠,炬,莒,虚,許,距,拒
キョウ,京,今日,俠,僑,僥謳,共,凶,匡,協,卿,喬,境,姜,峡,強,怯,挟,教,杏,橋,況,狂,狭,経,羌,興,郷,鏡,響,饗,香,龔,競,kyo,供,驚,兄
キョウキ,侠気,兇器,恐気,京己,京輝
キョウキョウ,兢々,兢兢,嬌々,恐々,恐恐,恟々,橋脇,洶々,矜驕,矯々,軽々
ウキョウ,享恭
カキャクセン,貨客船
クセ,久世,救世,曲,癖,久笹,臭
クセン,駆潜,久閃
セン,仙,僊,先,千,塼,宣,専,山,川,戦,戰,扇,撰,栓,殱,殲,氈,泉,潜,煎,牋,甎,癬,磚,筌,箋,線,繊,腺,船,詮,詹,賎,賤,遷,選,銭,錢,閃,陝,鮮,cen,sen,徳南線,旋,僭,洗,浅,穿
センノ,千,薦野
ノリ,乗,典,則,法,海苔,矩,糊,紀,能里,乃璃,濃里,nori,norii,乘
リョ,呂,閭
リョキャク,旅客
マジ,本気,交,拙,混,雑
マジュツシ,魔術師
ジュ,儒,受,呪,寿,従,授,樹,珠,綬,需,頌,誦
ジュツ,術
ジュツシ,洫志
ツシマ,対島,対馬,對馬,都斯麻,都斯麻,対間,對島,對嶋,對間,津馬,島
シマ,四万,島,嶋,嶌,志満,揣摩,斯摩,斯痲,斯馬,洲,砥磨,紫磨,縞,sima,史満,志万,志广,志茉,紫万,紫摩,紫舞,紫茉,紫麻,詩満,詩茉,誌万,shima,了,納,終,締,蔵,閉
シマジ,嶋司
シュギ,取義
シュギョ,守禦
シュギョウ,修業,修行,狩行
フ,不,二,付,夫,婦,富,巫,布,府,斑,桴,歩,符,経,經,腑,訃,譜,負,賦,附,麩,麸,触,吹,臥,拭,降,伏,踏,振,古,噴,増,履,掉,更,殖,深,狂,老,耽,腐,葺,蒸,践,踐,蹂,震,風,扶
フコ,封戸,深,潭
フコウ,普光,普弘,浮光
コウナ,河名
ウナ,鳥奴,宇楠,詩波,促,呻,唸,耕,魘,鰻
ナフ,naf,naph
フウ,二,封,楓,風,馮,hoo,楓卯,楓宇,芙有,風乃,foo,風優,諷
フウフ,夫婦,夫婦。
ウフ,大
ハフ,hough,huf,屠
フル,full,古,布留,故,旧,舊,顫,慄,震,奮,振,揮,篩
フルイ,篩,降井
ル,le
ルイ,塁,琉偉,瑠偉,瑠維,瑠衣,留衣,累,誄,類,光斐,塁斗,流依,流光,流唯,流衣,琉伊,琉位,琉依,琉唯,琉已,琉惟,琉維,琉要,瑠一,瑠以,瑠伊,瑠依,瑠威,瑠尉,瑠惟,瑠生,留以,留伊,留依,留唯,留生,留維,路易,*rui*,leui,luy,lui,rui,琉生,瑠唯,瑠已,瑠比,路以
イフ,if,夷俘,畏怖,異父,移付,唯風
イフク,倚伏,畏伏,畏服
フク,不矩,伏,冨久,副,富久,幅,復,服,浮久,福,袱,複,鍑,腹,含,脹,膨,輻
ニワ,庭,院子,仁波,新羽,新輪,爾波,俄,猝,遽
ワ,倭,和,把,環,羽,話,輪,分,割,佗,侘,別,吾,寂,悪,我,沸,涌,湧,破,詫,頒
ワニ,丸迩,丸邇,和珥,王仁,鰐,和爾,和迩,和邇
ニハ,niha
ハニ,埴,波爾,波示,hani
ハニワ,羽丹羽
ニワトリ,鶏
トリ,取,肚裏,酉,鳥,鶏,tri
リガ,riga
ガニ,蟹,ganni
ワイ,y,濊,猥,賄
イマ,今,依真,依茉,在,坐,忌,戒,未
イマシ,戒,縛,誡,警
マシ,真紫
マシタ,増田,益田,味舌
シタ,下,姿陀,舌,簧,慕,親,湑
ノス,野須
ス,州,巢,巣,洲,簀,簾,素,酢,酸,醋,馬尾,鬆,捨,住,澄,棄,空,吸,過,済,好,据,直,仕,刷,剃,助,喫,寿,少,抄,拗,挿,掏,摩,摺,擂,擦,栖,梳,棲,清,滑,漉,濟,為,磨,統,総,透,鋤,饐,水
スシ,鮓,鮨
シハ,思羽
ハス,斜,蓮,鰣,波須,has,波斯魚
ハスコ,蓬子
スコ,須古,須子,須小,健,少,頗
コシ,古祠,深,腰,虎視,越,輿,轎,古思,拵,狡
シス,sith,cis
スガ,絓,菅,須加,壽賀,菅止,須鹿,縋,尽,清,眇
スガキ,簀掻キ,簀搔,素描,酢牡蠣,菅城,須垣,苣木
ガキ,垣,堵墻,墻,書,柿,柿子,牡蛎,牡蠣,餓飢,餓鬼
キキ,kiki,喜々,奇々,奇詭,嬉々,嬉嬉,寄帰,忌諱,毀棄,熙々,琦々,窺基,聞,騏鬼,季々,樹輝,絆希,葵々,貴々,kiki*,kicky,希妃,輝&輝
キス,kiss,木須,鱚,kiss!
キスギ,来生
スギ,杉,経過ギ,過
スギタ,椙田
ギタ,汚,穢
イノ,猪,井埜,井箟,亥埜,伊埜,依乃,居埜,居能,李乃,猪埜,猪能,維乃,ino,祈,祷,禱
アブ,虻,安封,安歩,abu,危,炙,焙
アブリ,安布里
ブ,不,分,武,歩,無,部,麩,麸,伏,臥,振,葺,吹,踏,降,打,撃,撫,撲,触
ブリ,振,風,鰤,buri
リカ,籬下,凛夏,凛香,凜佳,凜香,利雅,利風,吏伽,李耶,林香,梨伽,梨叶,梨樺,理伽,理奏,理賀,理迦,琳歌,瑠歌,璃佳,璃可,璃嘉,璃夏,璃果,璃歌,璃花,璃香,莉伽,莉珂,莉薫,輪輝,里伽,里圭,里賀,里霞,鈴佳,鯛霞,lica,licca,rica,rika,ricka,凛花,莉袈,麗圭
リカル,梨香瑠,梨香留,莉華琉,里花瑠
カル,軽,加留,cul,cal
ルビ,瑠妃,瑠日,lubi
ビ,尾,微,日,火,糜,美,郿,陽,鼻,日紹,日衡,日設,美謄堂,挽,引,弾,曳,碾,轢
バ,刃,場,婆,把,歯,羽,葉,馬,張,映,腫,履,化,奔,姥,晴,栄,貼,跳
バス,bus,蓮,bath
ガス,gas,瓦斯
ガスバクハツ,ガス爆発
スバ,suva,須場
バク,漠,瀑,獏,莫,貘,麥,場工,baku,縛,博,駁,麦,爆
ハツ,初,撥,発,般,鈸,髪,僅
スモ,住
スモモ,李,須百,須毛々
モ,喪,藻,裳,持,漏,盛,捥,舞,以,保,凭,守,揉,摸,模,洩,焰,燃,若,萌
モモ,桃,股,腿,喪々,望茂,望萌,桃百,茂々,茂萌,萌百,萌茂,momo
モモノ,桃々乃,櫻乃,百々野,百乃,百濃,百野,萌々乃
モノ,mono,物,者
モノウ,懶,桃生,最能
モノウチ,物打チ
ノウ,know,嚢,囊,濃,能,能生,脳,腦,膿,農,悩
ノウチ,納地
モス,moss,母栖,毛洲,毛須,mos
オア,or
アヤ,亜耶,彩,文,礼,絢,綾,亜冶,亜邪,娃夜,娃弥,娃耶,安弥,安益,安矢,彩也,愛哉,早彩,有耶,杏耶,歩弥,空彩,絢夜,絢弥,絢矢,綾玲,aya,aya.,愛矢,阿耶,危,奇,妖,害,嶮,幽,怪,恠,殆,殺,誤,謝
アヤヤ,ajaja
ヤ,八,夜,家,屋,爺,矢,箭,輻,野,焼,遣,止,病,妬,姦,嫉,已,廃,殺,演,灼,熄,燒,犯,痩,瘠,瘦,破,罷,行,辞,辭,退,飲,也,谷,哉,弥
ヤヤ,埜々,稍,稍〻,較,椰々,綾弥,耶々,谷々
オヤ,祖,親,屋家
ヤニ,脂
ニオ,鳰,匂,臭
アヤマ,恵夢,謝,誤,愆,詫,謬,過
ヤマ,山,耶麻,邪馬,疚,疾,病
マリ,万理,万里,毬,満里,磨璃,茉利,茉理,茉莉,茉里,鞠,mali,万利,万梨,万璃,万織,満利,満理,眞凛,眞凜,眞林,眞璃,眞鈴,真璃,真鈴,磨凜,舞璃,茉梨,茉瑠,麻璃,麿里,mari,marhy,万莉,丸,円
ヤオ,八鳳,弥旺,徐,柔,軟
ヤオヤ,八百屋
マリト,万里斗,眞理人,真理人,真理斗
リト,吏読,吏道,凜歩,利音,璃都
トオ,遠,通,徹,透,亨
オイ,生,甥,笈,老,追
イイ,以夷,依倚,唯々,唯唯,怡々,易々,謂,飯,飯井,言
コツ,兀,忽,苦都,骨,kotu,惚
コツソショウ,骨粗ショウ,骨粗鬆
コツソショウショウ,骨粗鬆症
ソシ,沮止,疏食,阻止,曾師,曾志,曾紙,曾雌,楚之,毀,詆,誹,謗,譏
ソショウ,粗鬆,蘇従,訴訟
ショ,処,初,嶼,庶,所,書,杵,疏,署,蔗,薯,諸,塩,悄
ショウ,傷,冼,劭,勝,升,厰,哨,唱,商,妾,姓,将,小,少,尚,庄,床,廠,性,承,抄,昇,星,昭,晶,松,檣,正,消,湘,焦,焼,生,症,相,省,礁,祥,称,章,笙,簫,紹,翔,翔央,聖,背負ウ,荘,蒋,蔣,蕉,蕭,衝,証,詔,證,賞,邵,鈔,鉦,鍾,鐘,障,鞘,鞢,韶,頌,志陽,渉羽,祥雨,紫四侑,紫耀,翔鵬,sho,syo,show,syou,商備,翔泳社,娼,招,硝,稱,誦,請
ショウシ,小祠,彰子,彰志,承之,承旨,掌指,松之,笑止,訟師,鏱子,鞘翅,翔之
ショウショ,小暑,象胥
ショウショウ,小照,小象,少々,悄々,悄悄,昌尚,昌燮,樟章,瀟湘,蕭々,証誠,證誠,昇々
ウシ,丑,大人,牛,齲歯,usi,後,喪,失,薄
ウショウ,右掌,鵜匠,右匡
ミギ,右,砌
ギミ,君
ミミ,美々,耳,耳耳,妙峰,海々,深美,珠々,美珠,mimi
ミニ,mini,醜
ニニ,nini
ニキ,二輝,仁輝,虹綺,niki,憎,難
ニキビ,面皰,靤皰
キビ,吉備,己未,癸未,稷,羈縻,黍,吉比,氣比,厳,巌,酷
ナゲ,投,歎,嘆,長,嗟,慨,永
ナゲヤ,投ゲ矢
ナゲヤリ,投ゲ槍,投ゲ遣リ,投遣リ
ゲ,下,偈,夏,外,毛,気,花,華,蹴,実,解
ヤリ,槍,鑓
リナ,倫菜,凛七,凛夏,凛成,凛那,凜南,凜奈,利納,吏南,吏納,奏奈,彩杏,律奈,李南,李納,李雫,梨七,梨南,梨捺,梨楠,梨渚,梨納,理南,理永,理納,琳名,琳奈,琳那,璃並,璃南,璃名,璃奈,璃納,璃菜,璃那,莉七,莉南,莉夏,莉梛,莉楠,莉雫,里七,里南,里捺,里杏,里梨,里納,鈴那,麗那,麗鳴,lina,llyna,rina,李娜
ナヤ,納屋,納谷,魚棚,魚舎,納家,納野,悩,惱
ヤリナゲ,槍投ゲ
マサ,masa,昌,柾,満佐,真麻,雅,麻早,正如,眞早,眞瑳,真嵯,真早,真瑳,茉佐,茉咲,茉沙,茉砂,茉紗,ma-sa,政,勝,優,当,正
サチ,幸,祥,蹉躓,嵯知,幸智,幸知,彩千,彩智,彩知,早千,早智,早知,早茅,桜智,sachi
チュー,chou,chu.,chuu
セッ,赤,席,接,摂,石,節
セッツ,攝津,sets
セッツシ,摂津市
シュウ,主,修,収,周,囚,宗,州,秀,秋,終,脩,臭,衆,輯,週,酋,醜,集,侍優,修宇,史悠,思悠,思羽,朱佑,柊優,柊有,秀羽,紫悠,紫生,駿海,shu,syu,志夢,柊羽,秀優,習,執,愁,繡,就
アブラ,油,脂,膏,膩,阿武羅,abra
ブラ,bra
ラ,等,羅,螺
アル,或,亜璃,亜留,阿留,aru,有流,歩,步
アルバ,alba,aruba
アルバム,album
カミ,上,守,帝,正,神,紙,賀美,髪,荷見,賀味,嚙
アニ,兄,豈,ani,哥
アニメ,anime
カタ,剛,固,型,堅,夥多,寡多,形,掛搭,方,潟,片,硬,確,肩,難,語,傾,塊,担,談,頑,騙
カタタタキ,肩叩キ
タタ,多々,叩,称,讃,賛,扣,擲,敲,湛,甃,畳,祟,讚,頌
タタキ,三和土,敲,多々木
タキ,滝,瀧,多幾,多輝,太城,田己
シシ,子々,子思,孜々,孜孜,忯子,死屍,獅子,獣,矢矢,緇滓,詩思,sisi,sisii,子之,尸子,鹿
シシュ,卮酒,屍首,旨趣,詩趣,錙銖
シュジュ,侏儒,種々,種種
シュジュツ,主述
ツチ,土,槌,培
ナマナマ,生々
マナ,万奈,愛,末那,満奈,真魚,茉奈,茉菜,mana,万永,万菜,万那,愛夏,愛奈,真渚,舞七,舞南,舞梨,舞納,茉並,茉名,茉夏,茉楠,茉納,茉那,麻七,麻南,学,學,眼
ナマズ,癜,鯰,奈万豆
マズ,不味,拙,貧
ズナ,沙,砂
マナマコ,真海鼠
ナマコ,海鼠
マコ,麻姑,万恋,万香,眞瑚,真琥,真瑚,真虎,茉子,茉心,茉湖,茉瑚,茉胡,麻瑚,maco,mako
コナ,粉,小納,瑚夏,kona,塾,熟
マナメ,真奈芽
ナメ,滑,鞣
メコ,meco
ミッ,三,光,密
ミッシュ,misch,m'sh,m’sh
ウソ,嘘,嘯,噓,獺,鷽,宇曾
シミ,染,滲,紙魚,蠧魚,衣魚,shmi,沁
ミッペイ,密閉
ペ,屁
ペイ,pay,平
イソ,磯,礒,井曾,急,勤,忙
イソシ,伊孑志
チュウシ,中祀,仲之,冲之,沖之
チュウショウ,抽象
ショウコ,史生子,商估,商賈,小虎,尚虎,捷子,掌故,照顧,粧子,肖古,証拠,詳子,證拠,證據,上子,井子,匠子,咲湖,奨子,掌子,梢子,清湖,渉子,紫陽子,翔生子,翔虹,菖子,青子,shoko,syoko,shoco,翔保子,詩遥子
ショウコウ,勝興,尚灝,彰晃,彰考,昇紘,昌鎬,昌鴻,松篁,樵耕,消耗,湘贛,照宏,照嵩,猩紅,紹興,聖弘,葉公,青光,照浩,章興,笑好,紹晃,少昊
ショウコウギョウ,商工業
ウコ,宇宏
ウコウ,宇宏
コウギ,交誼,光羲,厚誼,好誼,恒偽,狎妓,高誼,虹技,kogi
コウギョウ,弘業,興業,興行,香凝,向暁,斫工業
コウギョウシ,興行師
ギョウシ,凝之,凝脂,凝視,行思
シン,伸,信,審,岑,心,慎,新,晉,晋,沈,津,深,清,申,疹,眞,真,瞋,神,秦,箴,紳,縉,臣,芯,蓁,蔘,親,診,讖,身,軫,辛,進,針,震,思无,s!n,sin,syn,shin,sinn,寂,振,浸
シンコ,新香,神狐,糝粉,cinco,普子
シンコウ,侵冦,侵寇,侵攻,信仰,信更,振興,新興,深厚,深更,真興,進寇,進貢,新晃
シンコウカ,振興課
シンコウカイ,振興会
コウカイ,叩解,更改,狡獪,降灰
コウカイギ,公会議
ウカイ,迂廻,迂迴,鵜飼イ,宇加井,烏養,鵜養,ukai
カイ,cay,kai,个簃,乖,会,佳以,効,匙,嘉比,回,塊,壊,峡,快,怪,恢,悔,戒,會,枻,楷,櫂,海,甲斐,界,皆,花彙,花維,華夷,解,誡,貝,買,開,階,隗,飼,伽以,佳依,佳維,叶偉,和依,夏維,改,樺一,歌依,海唯,甲伊,花郁,賀井,香依,香維,魁壱,cai,賈彝,芥,介,獪,潰
カイギ,懐疑
イギ,井城
テ,手,te',te’,照,輝
テイ,丁,亭,低,体,停,堤,定,帝,底,廷,弟,悌,態,手結,氐,渧,程,艇,訂,貞,邸,鄭,體,帝威,tay,tei,呈,挺
テイシ,丁巳,低脂
テイショトク,低所得
テイショトクシャ,低所得者
テイショトクシャソウ,低所得者層
イシ,伊摯,倚子,尉氏,意思,甃,石,移祀,縊死,遺矢,頤使,頤指,異翅,一礁
イショ,移書
ショトク,書牘
ショトクシャ,所得者
トク,得,徳,悳,特,登久,登丘,都久,toc,toku,督,篤
トクシ,得之,特旨,禿子,禿氏,十九司,徳思,徳至
トクシャ,特赦
クシ,串,櫛,駆使,工士
クシャ,久嗟,俱舎,倶舎
シャソウ,車窓
ソウ,倉,僧,創,双,叟,叢,壮,奏,宋,宗,層,巣,惣,想,早,曹,曺,曽,曾,桑,槽,爽,瘡,皕,相,筝,箏,総,總,聡,聰,艘,艚,草,荘,葬,装,走,躁,霜,sou,想歌,想羽,曾宇,爽羽,草雨,蒼爽,走羽,saw,sow,sxoxu,創企社,藻,騒,争,痩,掃,操,蒼
ブラジル,伯刺西爾,伯剌西爾,伯西爾
ラジ,裸耳,raji,rajie
ジル,汁,gille,jil,jill,jille,zil
ルジ,屡次
ジン,人,仁,仞,仭,刃,刄,塵,尽,甚,神,腎,陣,gin,jin,jing,sinn,zin,zine
ジンノ,陳野,神埜
ノミ,而已,耳,能美,蚤,鑿,能味,能見,呑
ミラ,美裸,実来,未良,珠羅,美藍,見良,魅蘭,moira
ラク,楽,樂,絡,酪,楽空,落
クル,久留,佝僂,紅琉,苦,狂,包,困
クルビ,久留飛
ビラ,開
クバ,久場,久芳,久波,久羽,久葉,工波,玖波,配
バリ,尿,張,罵詈,針,鈎,鉤,馬狸,bali,burr,梁
マグ,mag,mug,meg,交
マグマ,magma
マグマタイシ,マグマ大使
グ,具,愚,虞,組,食,繰,暮,紅
グマ,熊,隈
タイ,体,台,堆,大,対,對,帯,態,戴,棣,泰,耐,腿,諦,退,隊,鯛,thai,tie,夛井,辰勲,滞,代,待,太,平,怠
タイシ,大祀,大肆,耐脂,胎脂,退之,代石,大偉志,太井子,岱志,泰至
イシノ,石埜
シノ,信乃,篠,紫乃,志埜,思乃,思望,慈乃,柴乃,栞乃,椎乃,汐乃,篠乃,紫濃,shino,獅乃,茨乃,忍,偲,凌,撓
ノマ,乃万,埜真,埜間,埜馬,墅間,noma,飲
ママ,mama,侭,儘,媽媽,間々,飯,maman,万々,継
シンセツシン,親切心
セツシン,薛晨
シンサツシツ,診察室
サツ,冊,刷,察,札,殺,薩
シツ,失,室,悉,湿,漆,瑟,疾,質,執,躾
シサ,示唆,cisa,退
シサツ,歯擦
ノダ,埜田,納多,能多,能弾,能田,noda
ダダ,陀田,駄々,da-da,dada
ダナ,店,棚,donna
ナノ,七,奴,nano,奈希,梛乃,楠乃,na:no,渚乃,*菜乃
バナ,洟,端,花,華,鼻,離,話
ナナ,七,南那,奈々,奈七,奈南,菜々,nana,七々,七七,七夏,七奈,七渚,七菜,七那,凪々,南菜,声菜,夏奈,夏那,奈也,奈夏,寧菜,捺七,捺夏,楠菜,渚夏,渚奈,菜七,菜南,那々,那咲,nana*,那七,斜
ナナノ,南々乃,夏菜乃,奈々乃,奈々野,奈菜乃,奈菜野,奈那乃,菜々乃
ノナ,希菜,能名,nona
ナゾ,謎,準
ゾ,染,反,剃,沿,添
ハマ,浜,濱,波満,浜間,葉満,hama,塡,填,嵌
ハマダ,葉満田,葉間田
マダ,斑
ゾナ,備
ハシ,椅,橋,磴,端,箸,波紫,羽紫,走,奔,燥,疾
ハシュツショ,派出所
シュツ,出
デ,de,出,手,照
デシ,弟子,deci
キョウギ,恊議,竸技
キョウギュウビョウ,狂牛病
ギュウ,妓夫,牛
ウビ,wubi,初
ビョウ,俵,廟,渺,病,眇,票,秒,鋲
ビョウブ,屏風,屛風
ウブ,初,初心,右廡,羽舞,産
ブー,boo
ブーム,boom
ヨボ,余保
ボ,墓,帆,戊,母,穂,簿,謨,干,掘,坊,惚,褒,彫,誉,僕,呆,暈,棒,募
ナマアタタカ,生暖カ,生温カ
ナマアタタカイ,生暖カイ,生温カイ
マア,正,真安,麻安,ma-r,maa
アタ,咫,与,当,中,価,値,宛,恰,抵,新,能,膺,與,辺
アタタ,atata,阿多田,暖,温,煖
アタタカ,暖
タタカ,戦,戰,闘,鬪
タタカイカタ,戦イ方
タカ,多寡,貴,高,鷹,多伽,隆影,taka,taca,孝,昂,聚,集
タカイ,貴以,高価イ,田加井,高飯
カイカ,槐柯,槐花,懐化,絵華,海霞
カイカタ,買イ方
イカ,以下,凧,厳,如何,烏賊,紙鳶,ica,ika,争,嗔,忿,怒,慍,瞋
イカタ,鑄方
デビ,dewi
ニビ,鈍
ビー,b,be,bee,be.,be...
ビール,麥酒,麦酒,beale,beer
ツグ,嗣,償,噤,鉗
グビ,具備
ビシ,媄子,菱
ビショウ,微笑,美粧,備生
ビショウネン,美少年
ショウネン,正稔
ウネ,有年,畝,宇禰,蜿
ネ,値,子,寐,寝,根,音,無,祢,亡,失,嫋,嶺,弥,拗,捩,捻,煉,睨,祈,粘,練,莫,錬
ネン,年,念,燃,粘,拈
ビル,bill,毘盧,蒜,蛭
ルノ,留乃,流埜,琉乃,琉望,瑠乃,瑠野,luno
オク,億,奥,奧,屋,邑久,於久,越久,遠久,送,後,憶,晩,臆,贈,遅
クジ,久地,久慈,亀旨,公事,旧事,籤,鬮,久滋,久茲,抉,挫
クジョ,駆除
クジョウ,久城,宮條,狗壌,公庄,公荘,kujow
ジョウ,丈,上,乗,乘,允,判官,城,場,嫋,嬢,定,尉,帖,常,情,成,掾,条,條,状,狀,畳,疊,穣,粥,聶,蒸,襄,譲,錠,生,浄,焼,承
ウデ,腕
ビス,vis,bisue,bis
スケ,亮,介,佐,助,輔,資
スケット,助ッ人
ケ,ヶ,卦,家,毛,気,笥,褻,消,蹴,氣,怪,嗾,決,濃,蹶,銷
ケッ,血,决,決,結
カジ,ヶ寺,梶,楫,橈,箇寺,舵,訛字,譌字,遐邇,鍛冶,鍛治,kaji,加冶,賀司,賀地,賀治,鍛地,鍛次,鍛示,鍜冶,鍜次,鍜治,鍜示,嚙,囓,齧
ビキ,匹,引,挽,疋,biki
ニスガ,仁須賀
スガタ,姿,容,相,須賀田,池室,管田,須加田,須方
ガタ,型,形,方,潟,肩,難,堅,固,語,騙
タデ,蓼
ビーチ,beach
シル,汁,sill,印,導,徴,標,記,誌
ビン,便,壜,彬,敏,瓶,閔,鬢,貧
ビンセン,緡銭
ニヤ,二耶,仁耶,忍弥
ヤブ,籔,薮,藪,養父,八夫,彌武,野府,yab,破,敗,敝
ブク,服,含
クビ,頸,首,馘,久比,括,縊
ビーズ,b'z,bz,beads
ザ,the,坐,座,去,裂,刺,挫,差,覚,醒,咲,戯,戲,指,挿,注
ザイ,剤,在,材,罪,財,際,在井,菜
ザイク,細工,罪垢
イクノ,生野,活乃,活野,生乃
クノ,久野,久埜,九埜,工野,椹野,求野,玖野,紅乃
ノビ,野比,novi,nobe,novie,伸
ビワ,枇杷,琵琶,批杷
ニツメ,煮詰メ
ニツメル,煮詰メル
ツメ,爪,詰,冷,抓
メル,女瑠,梅琉,瞳瑠,瞳留,芽心,芽瑠,芽留,萌留,mar,mell,mel,芽流
ビンボウ,貧乏
ボウ,亡,傍,冒,坊,峯,峰,帽,房,暮雨,暴,某,棒,紡,膨,芒,茫,防,bou,望,包,忘,卯
デモ,demo
モビー,moby
バー,bar
カッ,核,活,褐,角,喝,嚇,渇,濶,赫
カッテ,勝手,katt
テイル,till,teil
イル,入,ile,iru
ビク,比丘,魚篭,魚籃,魚籠
クシナ,久品
シナ,品,榀,科,四七,志梛,紫南,紫奈,詞南,詞梛,詞渚,詞雫,詩夏,詩梛,sina,撓,萎
ナガ,永,長,na-ga,流,乍,眺,視,観
ナガラ,乍,長良,存
ガラ,幹,柄,殻,瓦落,辛,辣,鹹,搦,空,絡
ラビ,rabbi,來美,labi
ビジュツ,媚術
ビジュツヒン,美術品
ヒン,品,嬪,貧,賓,頻,瀕
アツ,厚,圧,敦,暑,熱,篤,亜都,厚保,集,聚,蒐,輯
アツカ,淳夏,温香,扱
ツカ,冢,塚,掬,束,柄,疲,使,支,遣,捕,掴,摑,事,仕,労,把,捉,攫,痞,費,閊
カウ,寡雨,河盂,迦宇
ビア,via
アガ,安賀,英賀,上,崇,挙,揚,購,騰
アガー,agar
ガー,gurr
デン,伝,傳,奠,殿,田,鈿,電,den,電交舎,電販
デンノ,傅野
バル,bal
バルビ,barbi
シンジ,伸司,信史,信司,信士,宍道,審爾,愼司,愼士,慎史,慎司,慎嗣,慎士,新司,槇二,眞司,真司,真嗣,神示,薪次,伸寿,伸示,信爾,信示,心司,愼二,愼治,慎仁,新士,晋史,晋司,晋爾,普二,梓司,森児,森詩,榛地,眞嗣,眞滋,真士,真爾,紳司,紳滋,臣司,芯司,進史,進司,進土,進滋,進示,審彌,真詞
シンジン,信心,審尋,審訊,真身
ジンシ,人尸,人屎,人脂,辰斯
ノシ,熨斗
シンシ,参差,唇歯,心思,慎思,晋祠,浸漬,真執,真摯,真至,神祠,真孜,進之,申思
シンシュ,眞趣,真趣,進取
シュン,俊,峻,旬,春,舜,迅,隼,駿,$hun,shun,syun
ソンシ,遜之
ショー,show,shaw
ボウズ,坊主
ウズ,渦,雲珠,埋,疼
ズガ,zuga
ガビ,娥眉,峨眉,画眉,蛾眉
ニジ,虹,滲,躙,躪
ニジョウ,荷杖
ジョウズ,上手,上洲,jaws
ウズノ,鶉野
ウズノエ,埋ノ江
ノエ,野家,乃瑛,乃英,乃詠,埜恵,希依,望絵,望詠
エ,会,得,慧,枝,柄,榎,江,獲,画,畫,穢,絵,荏,衣,重,餌,絵維徒,良,笑,恵,好,佳,善,宜,彫,快,悦,愛,抉,撰,選,酔,鐫,栄
カイタ,槐多,槐太,頴田,諧太,魁太
イタ,板,痛,至,炒,傷,到,劬,労,悼,惨,撓,甚,致,頂
タカタカ,高々
カッタ,刈田,克太,勝多,轄多,轄太
タカラ,宝,寳,田加良,財,多加良,多可良,多嘉良,多賀良,宝人,宝良,尭来,岳諒,財部,貴良
カラ,乾,唐,幹,殻,空,辛,辣,迦羅,鹹,kalla,kala,加良,嘉良,歌楽,花楽,花空,香空,kara,嗄,搦,枯,涸,紮,絡
カラカッ,揶揄ッ
キキカタ,聞キ方
キカ,帰樺,幾何,机下,麾下,葵加,kika,聞
タタキニク,叩キ肉
ショウショウジ,正昭寺
ショウジ,声字,宵二,尚史,尚司,庄司,彰二,彰治,彰璽,捷二,捷治,掌侍,昇司,昌二,昌司,昌子,昌次,昌治,昭司,昭示,晶司,東海林,正司,正爾,照次,省司,祥司,章司,荘司,象二,召二,圧司,奨二,奨史,奨治,奨詞,將司,小司,床司,彰司,彰士,昇史,晶仁,東海枝,樟治,正示,生司,祥士,章史,紹司,翔司,翔滋,翔示,荘之,莊司,詔士,象治,鐘司,匠司,匠志,奬志,捷次,昌児,昭爾,照士,笑二,笑児,詔司
ウジ,氏,蛆
ウジキ,宇治木
ジキ,恃気,慈禧,敷,瓷器,直,色,慈耆,ziki
キシ,嬉子,岸,己巳,帰旨,愧死,旗幟,来住,棊子,棋史,棋士,癸巳,箕子,騎獅,亀師,來住,吉仕,吉志,城至,幾志,耒住,軋
キショ,寄書,気色
キショウ,其昌,基璋,奇峭,奇捷,妓生,毀傷,気色ウ,気象,紀昌,己詳,絆翔,輝松
ショウソ,小組,訟訴
ショウソウ,小壯,焦燥,照相,聖三,松窓
ウソウ,雨窓
ソウノ,荘埜,惣埜,素野,艸野
ウノ,鸕野,卯埜,夘埜,夘野,宇埜,苧野,uno,宇能,雲乃,耕
ノソ,能租,野曾
コマ,小澗,巨摩,巨麻,狛,独楽,細,駒,高麗,齣,古満,杞真,co-ma,coma*,koma,coma,困,拱,濃
コマゴメ,駒込,駒籠
メノ,meno
ノワ,noix,叶和,望和,nowa
ワガ,我,綰
ワガママ,我ガ侭,我ガ儘
ガマ,gama,窯,竈,罐,蒲,蝦蟇,蟇,釜,鎌,賀満,構
マモ,真望,真桃,茉萌,mamo,守,衛,護
ノナカ,能仲,埜中,埜仲,濃中,農中
ナカ,中,仲,南花,那珂,那賀,仲嘉,南賀,奈賀,姓嘉,菜々華,腹,勿,半,鳴
ナカノ,中埜,名香野,中納,中迺,仲埜,奈賀野,那加野
カノ,佳納,加埜,圭乃,奏乃,樺乃,花望,華埜,賀野,霞乃,風乃,cano,kano,佳音,叶,敵,称,適
ノノ,野々,乃々,埜乃,希々,紀乃,能々,罵
ナマケモノ,怠ケ者,懶ケ者
マケ,敗,負
ケモ,kemo
ケモノ,獣
タケ,丈,多慶,岳,峯,武,竹,茸,他化,多計,嶽,高,哮,猛
タケヤ,偉弥,剛也,剛哉,剛弥,剛矢,剛耶,武耶,竹舎,多慶屋
ケヤ,化屋,芥屋
ケタ,桁,化田
ケタテ,蹴立テ
タテ,楯,殺陣,盾,立,竪,縦,館
タテカケ,立テ掛ケ
テカ,樋嘉
テカケ,妾,手懸,手懸ケ
カケ,加計,掛,賭,賀家,掛ケ子,翔
カケタ,懸田
タノ,田埜,楽,嘱,娯,怡,恃,愉,頼
タノダ,田野多,田野太,田野田
ダレ,誰
レ,les
レダ,leda
ユ,兪,喩,愈,柚,楡,油,湯,瑜,茹,行,言,云,往,征,揺,搖,煠,結,緩,謂,輸,逝,遊
ニイ,2尉,二,二尉,仁比,兄,弐,新居,nie,新
イクト,生人,生叶,生斗,育人,育渡,郁人,郁民,郁渡
クト,久斗
トヤ,塒,外谷,鳥屋,戸舎,鳥家
トヤオ,鳥屋尾,鳥谷尾
ニオイ,匂,臭,荷負,香井
アウ,煽
ウヨ,紆余
ヨリ,縒,鷹浬
ヨリイ,寄居,依井,寄井
リイ,凜衣,利唯,李依,梨以,梨唯,梨惟,玲衣,理以,理依,璃依,璃衣,莉唯,莉妃,李緯
マアイ,間合イ
アイ,eye,eyes,i,亜依,亜已,合,哀,娃,安威,愛,愛衣,歩衣,相,藍,間,阿姨,隘,aye,亜唯,亜惟,亜維,吾唯,吾惟,吾衣,娃伊,娃依,娃冶,娃維,娃衣,安唯,安維,安衣,心依,愛唯,杏依,杏唯,杏結,歩唯,歩惟,阿唯,阿惟,彩衣,藍維,逢
アイア,愛蛙
イア,唯亜
イアル,伊亜流
アルノ,有乃
ノハ,饒波
アワ,安房,泡,淡,粟,阿波,亜波,吾波,安発,awa,慌,合,併,倂,哀,幷,忙,愍,憐,憫,沫,矜
ワナ,穽,罠
ナイ,内,奶,姓井
イデ,出
イデイ,韋提,伊伝居,伊出井
デイ,泥,出樋
デイウ,diue
イウ,依羽
ウア,烏鴉
アイシ,哀思
テル,tel,teru,照,輝,汀留
ギロ,guiro
ロン,崙,論,r-one,ron,r・o・n
スキ,主基,数奇,数寄,棃,犂,鋤,隙,須岐,須木,周枳
スキノ,鋤納
キノ,紀埜,城能,妃乃,木埜,桔野,葵乃,kino,紀楳亭,薪乃
ノギ,禾,能木,能義,芒,埜木,野喜
ノギイ,野木井
イン,in,印,員,婬,尹,殷,淫,院,陰,隠,韵,韻,飲,inn,yin,引,姻
インガ,因果,inga
ギジ,擬似,擬餌,疑似,疑餌
ギジドウ,議事堂
ジドウ,兒童,示導,自働
ド,°C,土,奴,度,怒,戸,砥,止,留,撮,取,捕,処,程,何,執,堂,奪,征,採,摂,泊,獲,盗,退,録,島
ドウ,動,同,堂,如何,導,幢,洞,童,籐,胴,道,銅,dough,侑玄堂,灯,豆
ニギ,握,賑
シリ,尻,後,臀,至利,至理,siri,退
アルヒ,aruhi
ヒヒ,比々,狒々,狒狒,霏々,霏霏,非々
ヒル,hill,午,昼,晝,蒜,蛭,比留,怯,翻
ニヒ,二臂
ヒルナ,陽瑠奈
ルナ,流奈,流菜,瑠奈,luna,月叶,月那,流南,流永,流波,流那,潤奈,琉南,琉名,琉奈,琉月,琉楠,琉永,琉菜,琉那,瑠七,瑠南,瑠名,瑠梛,瑠真,瑠菜,瑠那,瑠雫,留南,留名,留奈,留菜,留那,羅奈,runa,屡那,瑠愛
アヒル,家鴨,鶩,安蒜
ンダ,田
メカ,meka
ノブ,乃婦,乃生,矗,野面,knob,濃部,nob,nobu.,信,延
ノブナガ,演永,設永
ブナ,山毛欅,橅,鮒
ドノ,殿
ノモ,nomo,野母,野茂
ナラ,奈良,枹,楢,南良,名良,那良,nara,習,並,鳴,併,倣,傚,列,効,双,均,并,幷,慣,準,竝,陳,雙,馴
ネネ,寧々,寧寧,寧嶺,寧希,寧祢,希々,希嶺,音宇,音寧,nene,音々
ネド,nedo
モネ,monet,望音,桃寧,百嶺,萌寧,百音
ノジ,能治
モウ,孟,毛,猛,盲,網,蒙,魍,mow,儲,妄,曰,申,白,設,詣
モウウ,濛雨
ウレ,宇連,嬉,患,愁,憂
サセツ,些屑,左折
センヨ,仙譽
センヨウ,千甕,占用
ヨウ,俑,八,四,姚,幼,庸,揚,曜,杳,楊,榕,様,洋,瑤,瑶,用,癰,窯,羊,葉,蓉,要,鄘,陽,雍,養,耀生,葉羽,yoh,耀,瘍,容,擁,腰
ヨウシ,佯死,夭死,妖糸,容姿,拗糸,用祉,羊脂,葉姿,要旨,楊思,燿史
ヨウシャ,容赦,溶射,用捨
ウセツ,右折
シャガ,射干,著莪,胡蝶花,嗄,蹲
ギャク,逆
ギャクソウ,逆送
クソ,屎,糞,久瑞,臭
ブス,附子
スガイ,須貝,栖養,管井,酉井,酉水,須谷,須賀井,須階,須飼
ガイ,凱,効,垓,外,害,愷,慨,甲斐,盖,臥位,蓋,街,該,貝,買,階,飼,guy,概,艾
ガイド,guide
イド,緯度,依戸,挑
メミ,瞳美,芽珠,萌美,memi
ミミミ,美々実
ジェロ,jello
ロゼ,roze
ゼ,世,是,瀬,背,攻,咳,競,糶,責
ゼン,zen,全,冉,前,善,染,然,禅,膳,xen,全就連,単
ゼンシ,全姿,前翅,蟬子
シャシ,奢侈,沙市,社祠
ヒョウ,俵,平,彪,標,票,表,評,豹,鏢,雹,颷,飄,馮,驃,兵,剽,氷
ヒョウジ,兵司,標示,表示,豹滋,豹示
ヒョウジュンソウビ,標準装備
ジュン,jun,准,巡,旬,淳,準,潤,純,荀,詢,隼,順,jyun,zyun.,持侑,殉
ソウビ,薔薇,装備,草灯
カギ,鉤,鍵,鑰,賀木,賈誼,鉤・鈎,限
カギャク,加虐,苛虐
カギャクハンノウ,可逆反応
ハン,han,判,半,反,恨,斑,榛,樊,汎,潘,煩,版,犯,班,畔,範,絆,范,藩,販,韓,飯,拌,伴,氾,飰,阪
ハンノ,半埜,墫野,母野
ハンノウ,半納,反応
ウモ,埋,巧,旨,甘
モフ,moff
フカ,孵化,浮華,深,潭,負荷,鱶,布賀,更,蒸
フカギ,深城,深来,深耒
フカギャク,不可逆
フカギャクハンノウ,不可逆反応
モカ,mocha,望加,望歌,桃加,百叶,百栞,百歌,百香,茂家,萌叶,萌賀,萠椛,萠香,藻茄,雲華,moca,moka,茂珈
カガ,伽賀,加々,加鹿,可香,屈,縢,跼,輝
カガク,寡額,華嶽
カガクハンノウ,化学反応
ガク,学,學,岳,楽,萼,鄂,額,顎,我久,賀久,gak,gaku,onz,雅矩,隠
マン,man,万,幔,慢,満,萬,饅,万幸,mann,漫
マンギョン,万景
マンギョンボン,万景峰
マンギョンボンゴウ,万景峰号
ボン,bon,凡,坊,峰,本,梵,盆,bonn,bom
ボンゴ,bongo
ゴウ,五,剛,号,合,壕,格,業,毫,江,濠,豪,郷,鰲,田,強,號
ゴウキ,拷器
ガッ,学,學,月,合
ガッコ,学光,gacco
ッコ,娘
コウキ,侯覬,光輝,厚基,広輝,康煕,康熙,弘毅,昂輝,江棋,洪煕,浩己,浩暉,紅輝,紘基,興毅,興起,高輝,鴻禧,黄杞,亘希,亙亀,亨貴,倖己,倖輝,光穀,公己,凰貴,凰輝,功己,功輝,厚喜,好輝,孝輝,宏毅,宏軌,宏輝,岬樹,岬生,巧棋,巧輝,幌輝,幸妃,康己,康暉,康植,康輝,弘紀,弘記,弘起,恒樹,恒機,恒毅,恒輝,拘輝,昂暉,昊樹,昊軌,昴樹,晃喜,晃城,晃基,晃季,晃己,晃希,晃樹,晃貴,構木,洪輝,洸暉,洸輝,滉基,滉季,滉樹,滉生,滉稀,滉規,滉貴,煌己,珈機,琥羽輝,甲輝,皇輝,皐樹,皓暉,皓紀,紘希,紘毅,考輝,耕己,耕材,興樹,興紀,航己,虹稀,虹輝,誇希,貢樹,香輝,kohki,孝啓,恒貴,昴輝,晃暉,晃毅,更起,洽樹,航輝,虹気,高琪
コウキュウ,好逑,恒久,攻究,曠久,考究,講究,購求,高俅
キュ,休生
キュウ,ix,丘,九,仇,休,吸,嗅,宮,急,旧,朽,求,汲,灸,球,窮,笈,糾,級,給,舊,邱,qyu,救,久
キュウキ,歙汽,久己
キュウキョ,丘墟,急遽,鳩居
キョキ,歔欷
キュウコ,舅姑
キュウコウ,九皐,救荒,躬行,九宏
コウイ,厚意,更衣,校尉,皇矣,肛囲,行爲,降以,香以,江夷
ウイ,oui,兎苺,初唯,初衣,卯依,宇以,宇唯,美依,羽以,羽依,羽唯,羽維,雨依,雨唯,初愛,初
イエ,家,癒,家燕
デジ,deji
ジシ,次姉,獅子,自恣,自脂
シュウチ,痩地,羞恥,羞耻
シュウチョウ,繍帳
チョ,楮,緒,著,褚
チョウ,丁,兆,寵,帖,帳,庁,廳,張,挺,朝,梃,牒,町,疔,聴,腸,萇,蝶,調,超,趙,長,頂,鳥,金魚蝨,重,弔,徴,諜
チョウシ,肇刺,蝶紫,趙衰,銚子,長姉
チョウシュ,徴取,聴取
チョウシュウ,潮州,長袖,張繍,聴洲
シュウチュウ,袖中
ウチュウチョウ,宇宙庁
チュウチ,虫豸
チュウチョ,躊躇
チョウシュウリキ,長州力
ウリ,売,瓜
ウリキ,売リ気
リキ,力,李琪,李逵,驪姫,凌希,力毅,哩己,浬輝,理暉,璃伎,璃樹,璃生,立基,陸希,龍毅,riki,力紀,李輝,来輝
トウ,佟,倒,党,冬,刀,十,唐,塔,島,当,投,東,桃,棟,榻,涛,湯,灯,燈,父,當,痘,登,盗,稲,等,筒,答,籐,糖,統,舅,董,薹,鄧,鐙,陶,頭,黨,tow,蕩,豆,透,藤
トウキ,投企,東輝,登輝,逃毀,逃気,透輝,闘気,闘牙,騰記,騰貴,冬己,冬輝,斗貴,遠木
トウキョ,刀鋸,東去,逃去
トウキョウ,tokyo,桐杏,頭胸,塘橋
トウキョウト,東京都
キョウト,kyoto,京都,兇徒,京渡,恭斗,恭渡,恭登,恭都
ウト,宇土,疎,歌,詠,倦,咏,唄,唱,詩,謡,謳
トッ,父,突
トッキ,凸起,徳器,徳輝,特機,特記,tokki
トッキョ,特許
キョキョ,虚々
キョカ,去夏
キョク,局,曲,極
キョクキ,棘鰭
クキ,久喜,久貴,久鬼,玖木,茎,郡支,久岐
キョクチ,極緻
クチ,口,駆馳
キャッカ,却下,客貨,脚下
ダシ,出汁,山車
ソウシ,冊子,創祀,双翅,叢祠,喪志,嫂子,宗祀,相思,繰糸,草姿,草思,装姿,壯志,宗獅,湊司,湊士,湊巳,湊志,颯司,颯志
ソウシャ,桑柘
シャショウ,写象,捨象,車掌
シャショウシャ,車掌車
ショウシャ,瀟洒,焼炙,照射,軺車
ソウシャイッソウ,走者一掃
シャイ,shy,shai
イッ,一,壱,佚,逸
イッソ,isso
イッソウ,一噌,一湊
キュウシ,九紫,給脂,臼歯,休之
キュウシュ,球趣,鳩首
キュウシュウ,仇讎,仇讐,急襲
ウク,宇久,uku
クウコ,控股,空狐
コウノ,河埜,河野,甲努,高,川埜,巷野,幸埜,昿野,構野,河之野,河納,湟野,甲埜,甲弩,甲能,畊野,神埜,神於,糠野,耕納,鉱納,鑛納,鴻埜,鴻農,kono
コウノキ,香ノ木,神納木,鴻ノ木
ウノキ,鵜ノ木,鵜木,卯ノ木,卯之木,卯野木,夘之木,夘木,夘野木,宇ノ木,宇之木,宇野木
キュウキョク,究極
ウキョク,紆曲
クコ,枸杞,久胡
キュウコウク,鳩江区
ウコウク,于洪区,右江区
コウク,康衢,惶懼,鑛區
コウクウキ,航空機
シュシ,主旨,趣旨,酒肆
シュショウ,修証,修證,手掌,朱裳,殊勝
ショウハ,召波,照破,蓼坡
スジ,筋,suzy,捩
スジョウ,種姓,素姓,素性
スジョウユ,酢醤油
ジョウユ,正油,醤油,醬油,上諭
ユガ,瑜伽,歪
ガオ,gao,気表,皃,貌,貎,顔
オス,押忍,牡,雄
マメ,豆,mame
メト,娶
トマ,苫,戸澗,停,止,泊,留
マニ,満仁,真新
ニマ,迩摩,邇摩,二万,仁万,爾摩
メモ,memo
メモラ,目盛ラ
モラ,毛羅,萌蘭,洩,貰
ライ,来,癩,羅維,萊,雷,頼,reye,lie,來依,来移,良衣,蕾衣,雷衣,rai
ライマ,來馬
マミ,万美,満美,猯,茉美,麻弥,万実,万見,愛深,摩宮,満実,眞實,眞弥,眞瑞,真巨,真望,真朱,真瑞,磨珠,舞弥,茉実,茉巳,茉弥,茉未,茉海,茉瑞,茉見,麻珠,m@mi,mami,真彌,塗,見,謁
ミレ,深蓮
レマ,怜磨,麗麻,remah,玲麻
マト,的,満兎,mato,纏,絡,纒
トモ,伴,供,侶,俱,倶,偕,共,友,智,知,與,艫,豆毛,鞆,冬萌,戸茂,斗望,東萌,渡茂,渡萌,登茂,都茂,tomo,杜茂,灯,点,燈,朋
モガ,moga,踠
モガク,藻掻ク,藻搔ク
ウマ,上手,午,巧,旨,甘,生,美味,馬,uma,埋,産
ウマヤ,厩,廐,駅家,宇磨谷,宇麼谷
マヤ,摩耶,真耶,茉耶,麻椰,麻耶,maya,万椰,万矢,万耶,眞冶,眞彩,眞耶,真冶,真椰,磨耶,稀耶,舞耶,茉也,茉冶,茉弥,茉椰,茉矢,麻冶,麻文,麻綾,ma-ya,万射
マヤノ,麻也乃,麻矢乃,麻耶乃
ヤノ,彌野,椰野,矢埜
ヤノマ,矢野間,矢野馬
マエ,万江,前,舞咲,茉映,茉絵,間永
マエノ,前埜,間江野
エノ,絵望,繪野,eno
レナ,伶奈,伶菜,玲凪,玲奈,玲那,麗奈,lena,令梛,令菜,伶南,伶名,伶梛,伶那,冷那,嶺奈,怜南,怜名,怜有,怜茄,怜菜,怜那,恋名,恋奈,恋菜,恋那,札奈,澪奈,澪波,澪菜,澪那,玲七,玲來,玲南,玲名,玲和,玲女,玲寧,玲永,礼南,礼名,礼夏,礼捺,礼梛,礼菜,礼那,羚七,羚南,羚名,羚夏,羚生,羚納,羚那,蓮菜,鈴梛,鈴那,零菜,麗七,麗南,麗名,麗成,麗菜,麗那,黎奈
ギワ,際
ワラ,和良,瓦剌,藁,wara,笑,嗤,原
ムコ,壻,婿,武庫,無辜,聟,muco,向,対
ムコウ,向日,某甲,無效,無鉤,夢鴿
ムコウノ,向野
ナゲシ,長押
ゲシ,夏至,罌粟,芥子
ガナ,仮名,仮字,gonna,悲
ナギ,凪,梛,椰木,竹柏,凪季,南祇,南義,梛木,菜葵,南木
ナギナタ,薙刀,長刀
ナタ,那谷,鉈
タガ,箍,夛賀,互,綰,耕,違
タガナ,多賀名
ワタ,棉,綿,腸,渡,亘,亙,渉,航
ワタシ,妾,渡,私
タシ,tashi,慥,確
アナ,孔,穴,竅,ana,強
アナタ,彼方,貴女,貴方,貴郎
タニ,谷,谿,多児
タニア,tania,多仁亜
ニア,neer,nia,neah
ニアワ,似合ワ
アワレ,可哀,awale,愍,憐,憫
ワレ,割,吾,我,悪
マレ,希,稀,male
タク,卓,多久,宅,托,択,拓,濯,琢,田久,鐸,夛久,太玖,太矩,taku,taq,託,沢,企,工,巧,蓄,逞
クナイ,宮内,苦無,久内,工内
イノダ,伊野田,井野田,猪野田,稲生田
ショウヒ,踵腓,松扉,粧妃
ヒシ,彼此,榧子,皮脂,秘旨,菱,賁思,菱交,拉,犇
ニョコ,如己
ギヒ,偽扉,犠飛
ギク,疑惧,疑懼,菊
クギヌキ,釘抜,釘抜キ
ギヌ,帛布,絹,衣
ヌキデ,抜キ出
ヌク,温
クク,九々,区々,區々,栩々,栩栩,苦々,kuku,括,銜
リョカッ,旅客
カッキ,劃期,客気,画期
ヒャッ,百
ヒャッキ,百亀
キカク,亀鶴,企劃,企画,企畫,棋客,喜覺
カク,各,家駒,斯,核,格,槨,殻,画,確,膈,覚,角,賀来,賈詡,赫,郝,郭,閣,霍,香久,加久,加來,加耒,可久,華宮,賀久,賀來,賀耒,香玖,kaku,隠,劃,匿,幽,恁,掩,薨,隱,革
カクキ,郭熙,郭煕
クヒ,俱非
ヒャク,百
クニ,久迩,久邇,六合,国,國,恭仁,軍尼,邦,久仁,久爾,公仁,国儒,玖仁,紅仁,kuni
ニン,人,仁,任,認,妊,忍
シュウセ,shuse
シュウセイ,修省,柊生,秋聲,醜聲,柊晴,洲勢,秀誠,脩晟,柊成
セイ,say,世,制,勢,声,姓,性,成,所為,擠,政,整,斉,星,正,清,済,生,盛,精,聖,背,製,西,青,静,勢井,勢衣,瀬以,瀬依,瀬維,ceui,tse,静掃舎,征,晴
ヅ,詰,釣,付,漬,連,積,即,卽,吊,就,尽,尾,従,憑,搗,撞,支,放,活,点,燗,着,突,築,衝,跟,蹤,附
ヅツ,筒,包
チョウサ,潮差
チョウサシ,調査士,長沙市
チョウサショ,調査書
ウサ,菟狭,usa
ウサシ,宇佐市,宇佐氏
サシ,刺,尺,差,挿,渣滓,砂嘴,緡,左思
ショソ,処措
ショソウ,書窓,書箱
ソウサ,匝瑳,捜査,搜査,操作,sousa,匝嵯
ソウサチュウ,捜査中
サチュウ,左仲
デンセン,伝染
デンセンビョウ,伝染病
センビ,戦備,釧美
センビョウ,瞻病,線描
ヨボウ,輿望
ボウビ,防備
ビョウイン,病因
ウイン,uin
ビョウシ,廟祀,拍子,病豕,表紙
ボウソ,妨訴
ボウソウ,疱瘡
ソウセイ,奏請,早逝,簇生,双井,聡晟
セイソウ,凄愴,悽愴,盛粧,西廂,聖三,誠宗,靖宗
イソウ,移相,移葬,移送,井漕,射添,石生
ソウシュ,漕手
キョシ,去私,巨嘴,鋸歯
キョショ,滸墅
キョショクショウ,拒食症
ショク,嘱,植,殖,燭,続,續,職,色,蜀,蝕,触,軾,食,飾,属
ショクシ,式子,食屍,食思
ショクショ,飾緒
ショクショウ,職掌
クショウ,苦笑
ショウノ,笙,奨之,庄埜,昌野,正埜,莊埜,菖野,醤野
キョウソ,教組
ソト,外,曾戸
トキ,凍季,刻,土宜,土岐,外喜,斎,斗煕,時,朱鷺,閧,鬨,鯨波,鴇,鴾,利紀,叶響,土枝,斗輝,橙輝,永姫,登幾,虎希,音喜,音季,音木,音樹,音生乃,音祈,音稀,音紀,音葵,音貴,toki,怜
トキョウ,斗拱,斗栱,都嶠
トキョウソ,都教組
トキョウソウ,徒競走
キョウソウ,叫騒,狂燥,競漕,京増,恭宗
ソウス,相須
ウス,有珠,碓,臼,薄,宇須
スル,suru,鋭
ルコ,瑠子,瑠瑚
コウシ,交阯,光鵄,厚志,合志,嚆矢,好嗜,巧思,巷子,広肆,後翅,更始,格子,猴子,甲之,皓歯,紅紫,紅絲,興嗣,虹芝,貢士,鈎子,高思,高脂,侯之,凰紫,幸吏,晃志,興士,興志,閤師,恒士
コウショ,光緒,后渚,向暑,孝胥,広儲,高翥
ショキ,庶幾,暑気,舒淇,舒琪,諸曁
ショキョウ,松喬
キョウフ,恐怖,教父,轎夫,驚怖
キョウフショウ,恐怖症,恐怖省
フシ,五倍子,父子,節,腐屍,布柴
フショ,補処
フショウ,不肖,不詳,夫椒,普照,父称,傅昭
ウノコ,鵜ノ子,鵜子,右ノ子
ウノコウ,宇野港
ノコ,鋸,noco,残,遺,殘,貽
コウソ,控訴,皇疏,貢租,神尊
コウソウ,倥偬,厚葬,咬創,宏壮,後送,構想,紅糟,航送,荒草,行粧,訌争,項莊,高燥,浩壯,紘三,興三,興宗,香窓
キョウノ,竟野
マダラ,斑,馬渡
ダラ,陀羅,鱈,darra
ラナ,楽名,楽奈,楽成,楽渚,楽菜,楽那,浦菜,羅七,良名,良奈,良寧,良波,良菜,良那,藍菜,蘭七,蘭南,蘭奈,蘭菜,頼那,lana,la-na,来渚
マナガツオ,真魚鰹,真味鰹,魚味鰹
ガツ,月
ガツオ,鰹
オナ,仝,同
シャノ,車埜
シャチ,鯱,紗士
ウガ,宇加,uga,穿
シチ,七,砥地,質
シチュー,stew,sitw
ーシ,氏
ヒショ,避暑
ヒショウ,比照,非訟
ツヨ,勁,強,靭
ヨボウホウ,予防法
ホ,保,圃,堡,帆,捕,歩,穂,舗,葡,補,惚,干,掘,欲,堀,乾,匍,匐,吠,吼,咆,哮,彫,放,灯,祝,細,褒,誉,讃,賛,賞,這,頬,頰
ホウ,侯,俸,包,報,宝,峯,峰,幇,彭,方,法,泡,砲,礮,胞,苞,袍,訪,鮑,鵬,龐,鶯蒲,hou,呆,奉,封,崩,惚,抛,放,焙,耄,葬,蓬,邦
チョウシュリツ,聴取率
シュリ,修理,戌里,守璃,朱凛,朱浬,朱璃,柊吏,洵里,syuri,shri,朱凌,趣里
リツ,律,栗,率,立,利都,李都,梨都,理都,璃津,莉都,里都,ritsu
チョウサチョウ,調査庁
ウサチョウ,宇佐町
ポ,歩,保,補
ポン,品,本,pon!,pon,pong
ツコ,使,費,遣
コン,今,婚,崑,懇,昆,根,棍,混,渾,献,痕,紺,金,閽,髠,kon,困,魂
コンポ,近保
ポポ,popo
ウガチ,宇賀地
ガチ,勝