ジ,乳,事,二,児,地,子,字,寺,尓,師,慈,持,時,柱,次,璽,痔,磁,耳,自,路,辞,辭,爺
ジャ,者,蛇,邪
ジャズ,jazz
ズ,図,圖,酢,醋,頭
シ,仕,使,刺,史,司,四,址,士,始,子,市,師,志,指,支,枝,梓,歯,死,氏,為,私,糸,紙,緇,肢,視,觜,詞,試,詩,誌,資,賜,趾,錙,駟,ウス市,知,下,芝
シャ,射,斜,瀉,砂,社,紗,者,舎,謝,車,写,偕揚社,凡美社,遊文舎
シャン,shan
ソ,其,曽,楚,疎,疽,祖,祚,租,粗,素,蘇,酥,麤,鼠,厥
ソン,剃ン,反ン,孫,尊,損,村,染ン,樽,遜,邨
ソンカ,孫和
カ,下,乎,仮,何,価,加,化,可,嘉,夏,家,彼,戈,日,果,架,柯,歌,歟,河,火,禍,科,窩,花,華,蚊,課,貨,賈,軻,過,香,鹿,描,ヵ,掛,斯
カシ,仮シ,借シ,假シ,加脂,化シ,呵シ,嫁シ,家嗣,架シ,樫,河岸,瑕疵,科シ,菓子,藉シ,課シ,貸,貸シ,過脂,賀志,香至,cashi,賈至
カシュ,佳酒,嫁娶,華聚
シュ,主,呪,守,手,朱,株,炷,珠,種,腫,衆,酒,須,首
ナ,亡,儺,名,失,奈,奴,無,莫,菜
ナマ,奈麻,生,那間
マ,眞,真,間,馬,魔,[ma],負
マム,m.a.m,mam
マムギ,万无岐,万牟歧
ム,六,夢,無,牟,mgova
ムギ,武儀,麦,冬麦
ギ,偽,儀,妓,戯,技,擬,木,柝,樹,気,氣,疑,着,祇,紀,義,議,魏,岐
ギナ,義那
ギナマ,宜名真
マゴ,孫,間吾
マゴメ,眞篭,真篭,馬篭,馬籠,馬込,眞籠,真籠,間込
ゴ,五,仔,伍,児,呉,娘,子,後,御,期,棊,碁,語,誤,豆汁,豆油,アミ語,スー語
ゴメ,米,込メ
メ,女,奴,海布,目,目ェ,眼,芽,雌
メナ,目七,芽那
ナマタマゴ,生タマゴ
マタ,亦,俟タ,又,叉,待タ,復,竢タ,股,摩多
マタマ,俣摩,全間
タ,他,多,田,誰,太,為,爲,立
タマ,偶,多摩,多満,多磨,多麻,多麿,弾,玉,珠,球,霊,魂,tama,多舞,玉麻,田广,田摩
タマゴ,卵
ロ,廬,櫓,炉,盧,絽,艣,艪,路,露,驢,魯
ロウ,労,婁,廊,楼,樓,浪,漏,牢,琅,瘻,老,聾,蝋,蠟,郎,鑞,隴,row,rowe
ロウニャク,老若
ロウニャクナンニョ,老若男女
ウ,于,兎,卯,右,塢,宇,得,憂,有,禹,羽,雨,鵜,売,烏
ウニ,海胆,雲丹,恩希,有尓,有爾,uni
ニ,丹,二,似,尼,弐,烹,煮,肖,荷,二引,仁,兄
ク,九,具,区,區,口,句,吼,来,狗,瞿,苦,躯,軀
クナ,久那,紅菜
ナン,何,南,成ン,為ン,生ン,男,軟,難,鳴ン,nahn,nan
ナンニ,nanni,何ニ
ナンニョ,男女
ア,亜,亞,啞,婀,痾,呀,開,上
アカ,厭カ,垢,明カ,朱,淦,空カ,紅,緋,赤,赧,赫,赭,開カ,閼伽,阿哥,阿嘉,阿花,阿迦,飽カ,argha,阿賀
カパ,kapha
パ,把,波,派,羽
ジャマ,jama
マキ,万季,万紀,卷,巻,巻キ,捲キ,摩季,摩起,撒キ,播キ,槇,槙,満喜,牧,真城,真妃,真輝,磨季,磨毅,纒キ,蒔キ,薪,麻季,麻希,麻樹,麻紀,麻記,麻貴,万喜,万希,万樹,万生,万綺,万記,万貴,万輝,愛貴,摩樹,摩紀,未綺,槇木,槙木,満希,満木,満紀,牧記,眞來,眞叶,眞妃,眞祈,眞輝,真嬉,真暉,真槻,真葵,磨姫,磨希,磨生,磨紀,磨起,磨輝,舞伎,舞季,舞希,舞来,舞紀,舞綺,舞輝,茉季,茉希,茉樹,茉生,茉紀,茉綺,茉葵,茉貴,萬紀,蒔希,蒔月,鞠記,馬來,麗輝,麻伎,麻城,麻妃,麻姫,麻岐,麻揮,麻来,麻桔,麻稀,麻綺,麻葵,麻規,麻輝,麿基,maki,麻公,麻木,麻起
キ,伎,几,危,喜,器,圻,基,奇,姫,季,岐,希,徽,忌,揆,旗,既,期,木,木ィ,来,柝,桅,樹,機,毅,気,気イ,氣,汽,熹,生,畿,癸,着,祺,稀,簋,紀,綺,著,葱,衣,規,記,豨,貴,起,軌,郗,騎,驥,鬼,黄,鍵盤付,其,屹,帰,棄
マチ,万智,俟チ,待,待チ,満智,町,真弛,竢チ,街,襠,麻池,万知,磨知,舞智,茉智,茉知,麻智,麻灯,麻知,麻茅,machi
マチャ,俟チャ,待チャ,竢チャ
チ,乳,値,地,家,智,池,治,痴,癡,知,稚,茅,血,遅,千欣,千
チャ,茶
アオ,会オ,合オ,晤オ,碧,蒼,逢オ,遇オ,遭オ,阿尾,青,亜生,愛勇,有緒,杏央,葵桜,逢生,a-o,青央
アオマ,蒼マ,青マ,葵真
オ,尾,御,汚,緒,苧,雄,麻,aux,夫,男
オマ,oma,小真
オマキ,オ巻,尾巻キ
マキガミ,巻キ紙,巻キ髪,巻上,牧上
キガ,帰臥,起臥,飢餓,饑餓
キガミ,木上
ガ,ヶ,何,娥,我,河,画,蛾,賀,雅,駕,鵞,芽,掛
ガミ,神,紙,髪,gami
ミ,三,味,実,実ィ,巳,御,未,看,瞥,箕,見,見イ,視,覧,観,診,試,身,躬,靚,mimee,申,美
ミア,実会,実安,実逢,実阿,弥明,彌亜,未杏,未阿,海朱,珠明,美安,美藍,美阿,美青,翠愛,見彩,観愛,魅亜,魅合,mia
ミアカ,美愛加
アカマ,赤麻,赤摩,赤磨,赤麿
カマ,咬マ,嘉麻,噛マ,噬マ,嚙マ,嚼マ,擤マ,窯,竈,罐,釜,鎌,嘉万,嘉満
カマキ,構木,鎌城
ミキ,三輝,實希,峯希,幹,御酒,未來,楨,水絹,瑞希,神酒,美妃,美幾,光揮,実城,実嬉,実浄,実葵,実輝,實城,實淨,己城,己基,己貴,巳己,巳葵,弥季,弥希,弥樹,弥葵,弥輝,御城,望希,未妃,未祈,未絆,未葵,水姫,泉紀,海喜,海季,海希,海木,海樹,海祈,海紀,海綺,海貴,深喜,深季,深希,深樹,深生,深絆,深葵,深貴,深輝,満希,美公,美埼,美嬉,美揮,美桔,美輝,美麒,見祈,規城,訪生,魅貴,魅輝,miki,慧樹,美支
ジョ,処,助,叙,女,序,徐,恕,所,敍,薯,除
ジョセ,叙セ,序セ,恕セ,除セ
ジョセツ,如拙,絮説
ジョセツシャ,除雪車
セ,世,仕,施,瀬,為,畝,背,脊,礁
セツ,切,刹,勢津,接,摂,泄,節,薛,設,説,雪,世都,成津
ツ,唾,津
ツシ,都志,桶師
シャジ,匙
ジョセツサギョウ,除雪作業
サ,些,仕,佐,叉,左,差,査,沙,為,然,砂,鎖,小,紗
サギ,詐偽,詐欺,鷺
サギョウ,サ行,作業
サギョウチュウ,作業中
ギョ,魚
ギョウ,堯,尭,御宇,業,経,行,鄴
ギョウチュウ,ギョウ虫,蟯虫
ウチ,中,伐チ,内,宇馳,家,射チ,打,打チ,拍チ,搏チ,摶チ,撃チ,撾チ,衷,裡,討,討チ
ウチュウ,右仲
チュ,邾
チュウ,中,宙,忠,柱,注,紂,肘,虫,註,誅,酎,鈕,駐,chu
ト,兎,十,堵,屠,徒,戸,斗,杜,涂,砥,途,都,九斗
トナ,十七,墨名,都納
トナリ,鄰,隣,隣リ,十七里,戸成,戸鳴,斗成,渡成,登成,都成
ナリ,也,做リ,哉,容形,形,形リ,成リ,為リ,生リ,那裏,鳴リ,菜莉,那李,nari
ナリノ,成野
リ,利,吏,李,理,痢,裏,裡,里,離,re:
リノ,梨乃,莉乃,凌乃,凛乃,凛暖,梨之,梨希,梨野,涼乃,璃乃,莉埜,莉暖,莉野,rino,re:no,reno,lino
ノ,乃,之,幅,廼,野,野又肇
ノキ,軒,退キ,納城,野寄
ノキャ,退キャ
キャク,客,格,脚
クハ,喰ハ,食ハ
ハ,刃,坡,巴,播,歯,波,派,破,端,羽,葉,覇,安力川,角竜類
ヨ,yo,与,世,予,代,余,佳,善,四,夜,好,宜,快,悦,良,豫
ヨク,佳ク,克ク,善ク,好ク,宜ク,快ク,悦ク,慾,欲,浴,翌,翼,能ク,良ウク,良ク
ヨクカキ,欲カキ,欲掻キ
クカ,久賀
カキ,下鰭,嘉煕,垣,堵墻,墻,掻キ,搔キ,書,書キ,柿,柿子,欠キ,牡蛎,牡蠣,缺キ,舁,舁キ,花キ,花卉,賀喜,闕キ,甲木
キク,企救,利ク,効ク,危懼,尋ク,崎嶇,幾久,禧久,聞ク,聴ク,菊,規矩,訊ク,麴,希久,希玖,木久,樹久,樹來,樹玖,樹紅,生空,紀玖,菊玖
キクウ,鞠塢
クウ,喰ウ,汲ウ,空,腔,食ウ,玖宇,紅宇,雲羽,kuu,玖羽
クウキ,qu-ki
ウキ,宇城,泛キ,泛子,浮,浮キ,浮子,優毅,夘木,浮氣,生希,uki
ウキャ,憂キャ,泛キャ,浮キャ
クダ,管,玖田
ダ,堕,大,惰,打,田,舵,駄,多
コ,仔,個,児,古,呼,壷,娘,子,孤,小,庫,弧,戸,扈,故,来,湖,滬,濃,粉,股,胡,胯,蚕,蠱,觚,顧,之,是,此
コノ,斯ノ,此,此ノ,這ノ,好乃,狐野,香乃
ノク,退ク
クギ,供儀,供犠,釘,工木
ヒ,一,丕,乾,卑,否,妃,婢,干,悲,日,曾,杼,桧,梭,樋,檜,比,火,灯,碑,秘,簸,緋,脾,被,譬,費,避,陽,非,飛,皮
ヒキ,匹,奏キ,延キ,引,引キ,弾キ,彎キ,惹キ,挽,挽キ,曳キ,曵キ,比企,牽キ,疋,碾キ,索キ,蟇,誹毀,誹譏,輓キ,轢キ,退キ,避諱,非毀,魅キ,hiki
ヒキヌキ,ヒキ抜キ,引キヌキ,引キ抜キ,引抜キ
キヌ,帛布,絹,衣,鬼怒
ヌ,寐,寝,沼田藩
ヌキ,抜キ,拔キ,緯,貫
ニク,二駆,憎,肉,難,niku
ニクイ,憎イ,難イ,難ウ
クイ,久井,咋,喰イ,悔,悔イ,杙,杭,盱眙,食,食イ
イ,五,井,亥,伊,位,偉,医,委,威,射,居,意,懿,易,潙,為,異,胃,萎,藺,衣,違,遺,鋳,韋,井髙,入,猪
イク,以久,伊久,去ク,幾,往ク,意気,昱,生ク,育,行ク,逝ク,郁,井久,井玖,亥久,亥玖,伊來,伊玖,伊紅,佑育,唯來,意空,猪久,猪玖,行玖,衣久,衣玖,衣紅,iku
ギダ,犠打,祇陀,祗陀
コウ,乞ウ,亢,交,交ウ,侯,候,光,公,功,劫,効,口,后,向,吼,坑,好,孔,孝,工,幸,広,庚,康,後,恁ウ,恋ウ,恍,抗,支ウ,攷,攻,敖,斯ウ,暠,校,汞,江,洪,洸,浩,港,溝,濃ウ,炕,煌,爻,璜,甲,皇,皎,硬,礦,神,稿,篙,糕,紅,絳,綱,羹,考,耕,耿,腔,膏,航,行,衡,請ウ,講,買ウ,購ウ,酤ウ,鉱,鋼,鎬,闔,降,項,飼ウ,香,高,鴻,黄,黌,昊洸,琥羽,瑚羽,皐羽,航生,kou
コウカ,公價,喉下,弘化,甲賀,膠化,閣下,閤下,降嫁,高價,晃華,滉花,興華
コウカキ,幸加木
コウカキョウ,高架橋
ウカ,ウ窩,泛カ,浮カ,齲窩,宇迦,宇郁,胡果,詩夏,uca,uka
カキョ,科舉
カキョウ,何恭,佳境,嘉慶,花嬌,夏恭
キョ,居,巨,挙,渠,炬,莒,虚,許,距
キョウ,京,今日,俠,僑,僥謳,共,凶,匡,協,卿,喬,境,姜,峡,強,怯,挟,教,杏,橋,況,狂,狭,経,羌,興,郷,鏡,響,饗,香,龔,競,kyo,ボン教
キョウキ,侠気,兇器,恐気,驚喜,京己,京輝
キョウキョウ,兢々,兢兢,嬌々,恐々,恐恐,恟々,橋脇,洶々,矜驕,矯々,軽々
ウキョウ,享恭,生響
カキャ,掻キャ,搔キャ,書キャ,欠キャ,缺キャ,舁キャ,闕キャ
カキャクセン,貨客船
キャクセ,卻セ
クセ,久世,救世,曲,癖,久笹
クセン,駆潜,久閃
セン,仙,僊,先,千,塼,宣,専,山,川,戦,戰,扇,撰,栓,殱,殲,氈,泉,潜,煎,牋,甎,癬,磚,競ン,筌,箋,糶ン,線,繊,腺,船,詮,詹,賎,賤,遷,選,銭,錢,閃,陝,鮮,cen,sen,徳南線
センノ,千,薦野
ノリ,乗,乗リ,乘リ,伸リ,典,則,宣リ,法,海苔,矩,糊,紀,能里,載リ,乃梨,乃璃,乃莉,之梨,之莉,濃里,nori,norii
リョ,呂,閭
リョキャク,旅客
マジ,本気,摩治
マジュ,麻寿,麻珠
マジュツシ,魔術師
ジュ,儒,受,呪,寿,従,授,樹,珠,綬,需,頌
ジュツ,術
ジュツシ,洫志
ツシマ,対島,対馬,對馬,都斯麻,都斯麻,対間,對島,對嶋,對間,津馬
シマ,史麻,四万,島,嶋,嶌,志摩,志満,志磨,志麻,揣摩,斯摩,斯痲,斯馬,染マ,沁マ,洲,浸マ,砥磨,紫磨,縞,sima,史満,志万,志广,志舞,志茉,紫万,紫摩,紫舞,紫茉,紫麻,視磨,詞麻,詩摩,詩満,詩磨,詩舞,詩茉,詩麻,誌万,shima,デン島
シマジ,嶋司,嶋治
シュギ,取義
シュギョ,守禦
シュギョウ,修業,修行,狩行
フ,不,二,付,夫,婦,富,巫,布,府,斑,桴,歩,符,経,經,腑,訃,譜,負,賦,附,麩,麸,扶,吹
フコ,吹コ,噴コ,封戸,拭コ,葺コ
フコウ,吹コウ,噴コウ,拭コウ,普光,普弘,浮光,深ウ,潭ウ,葺コウ
コウナ,河名
ウナ,鳥奴,宇楠,詩波,宇那
ナフ,naf,naph
フウ,二,封,履ウ,楓,践ウ,踐ウ,風,馮,hoo,楓卯,楓宇,芙有,風乃,風宇,foo,風優
フウフ,夫婦,夫婦。
ハフ,破風,hough,huf
ハフル,屠ル
フル,full,古,古ル,布留,振ル,掉ル,故,旧,経ル,經ル,舊,降ル
フルイ,古イ,奮イ,慄イ,振イ,振ルイ,揮イ,故イ,旧イ,篩,篩イ,舊イ,震イ,顫イ,振井,降井
ル,le
ルイ,塁,琉偉,瑠偉,瑠維,瑠衣,留衣,累,誄,類,光斐,塁斗,流依,流光,流唯,流衣,琉伊,琉位,琉依,琉唯,琉已,琉惟,琉維,琉要,瑠一,瑠以,瑠伊,瑠依,瑠威,瑠尉,瑠惟,瑠生,留以,留伊,留依,留唯,留生,留維,路易,*rui*,leui,luy,lui,rui,琉生,瑠唯,瑠已,瑠比,路以
イフ,if,夷俘,畏怖,異父,移付,唯風
イフク,イ吹ク,倚伏,畏伏,畏服
フク,不矩,伏,冨久,副,吹ク,噴ク,富久,幅,復,拭ク,服,浮久,福,葺ク,袱,複,鍑,腹
ニワ,庭,院子,仁波,新羽,新輪,爾波
ワ,倭,和,把,環,羽,話,輪,輪バネ
ワニ,丸迩,丸邇,和珥,王仁,鰐,和爾,和迩,和邇
ニハ,niha
ハニ,埴,波爾,波示,hani
ハニワ,羽丹羽
ニワトリ,鶏
トリ,取,取リ,執リ,奪リ,征リ,拿リ,捕リ,採リ,摂リ,撮リ,攬リ,止利,獲リ,盗リ,肚裏,酉,録リ,鳥,鶏,tri,登利
リガ,riga
ガニ,蟹,ganni
ワイ,y,沸イ,涌イ,湧イ,濊,why
イマ,今,忌マ,依真,依茉
イマシ,在シ,坐シ
マシ,増シ,摩シ,磨シ,麻紙,真紫
マシタ,マ下,増田,益田,味舌
シタ,下,姿陀,舌,簧
ノス,伸ス,熨ス,野須
ス,州,巢,巣,洲,簀,簾,素,酢,酸,醋,馬尾,鬆,水
スシ,寿シ,寿司,酸シ,鮓,鮨
シハ,思羽
ハス,斜,斜ス,蓮,鰣,波須,has,波斯魚
ハスコ,蓬子
スコ,好コ,抄コ,梳コ,漉コ,空コ,透コ,鋤コ,須古,須子,須小
スコシ,少シ,少ーシ
コシ,古祠,固始,枯死,深,漉シ,濾シ,腰,虎視,超シ,越,越シ,輿,轎,鼓シ,古思
シス,嗣ス,死ス,資ス,sith,cis
スガ,絓,菅,須加,壽賀,寿賀,菅止,須鹿
スガキ,簀掻キ,簀搔,素描,酢ガキ,酢牡蠣,菅城,須垣,苣木
ガキ,垣,堵墻,墻,掻キ,書,書キ,柿,柿子,牡蛎,牡蠣,餓飢,餓鬼
キキ,kiki,利キ,効キ,喜々,奇々,奇詭,嬉々,嬉嬉,寄帰,尋キ,忌諱,毀棄,熙々,琦々,窺基,聞,聞キ,聴キ,訊キ,騏鬼,喜聞,季々,希來,希祈,樹輝,絆希,葵々,貴々,kiki*,kicky,希妃,輝&輝
キス,kiss,帰ス,期ス,木須,記ス,起ス,鱚,木寿,kiss!
キスギ,来生
スギ,杉,経過ギ,過,過ギ
スギタ,椙田
イノ,猪,井埜,井箟,亥埜,伊埜,依乃,居埜,居能,李乃,猪埜,猪能,維乃,ino
アブ,虻,阿武,安封,安歩,abu
アブリ,炙リ,焙リ,安布里
ブ,不,分,武,歩,無,部,麩,麸
ブリ,振,振リ,降リ,風,鰤,buri
リカ,利佳,梨佳,梨加,梨花,梨華,梨香,理佳,籬下,莉花,莉香,里佳,凛夏,凛香,凜佳,凜香,利雅,利風,吏伽,吏佳,李耶,林香,梨伽,梨可,梨叶,梨嘉,梨夏,梨果,梨樺,梨歌,理伽,理奏,理賀,理迦,琳歌,瑠歌,璃佳,璃可,璃嘉,璃夏,璃果,璃歌,璃花,璃香,莉伽,莉佳,莉加,莉嘉,莉夏,莉果,莉架,莉歌,莉珂,莉華,莉薫,輪輝,里伽,里圭,里賀,里霞,鈴佳,鯛霞,lica,licca,rica,rika,ricka,凛花,李佳,莉袈,麗圭
リカル,梨香瑠,梨香留,莉華琉,里花瑠
カル,借ル,刈ル,枯ル,狩ル,穫ル,苅ル,軽,駆ル,駈ル,加留,cul,cal
ルビ,ruby,瑠妃,瑠日,lubi
ビ,尾,微,日,火,糜,美,郿,陽,鼻,日紹,日衡,日設,美謄堂
バ,刃,場,婆,把,歯,羽,葉,馬
バス,bus,蓮
ガス,gas,借ス,瓦斯,藉ス,貸ス,賀ス
ガスバクハツ,ガス爆発
スバ,suva,須場
バク,漠,瀑,獏,莫,貘,麥,場工,baku
バクハ,爆破
バクハツ,爆発
ハツ,初,墾ツ,撥,果ツ,発,般,鈸,髪
スモ,住モ,栖モ,棲モ,清モ,済モ,澄モ,濟モ
スモモ,李,須百,須毛々
スモモモモ,スモモ桃
モ,喪,藻,裳,萌
モモ,揉モ,桃,股,腿,喪々,望茂,望萌,桃百,茂々,茂萌,萌百,萌茂,momo
モモノ,桃々乃,櫻乃,百々野,百乃,百濃,百野,萌々乃
モノ,mono,物,者
モノウ,モノ憂,懶,桃生,最能
モノウチ,物打チ
ノウ,know,亡ウ,嚢,囊,失ウ,濃,無ウ,綯ウ,能,能生,脳,腦,膿,莫ウ,農,乃生
ノウチ,納地
モス,moss,燃ス,母栖,毛洲,毛須,mos
オア,or
アヤ,亜也,亜弥,亜耶,彩,文,有弥,礼,絢,綾,亜冶,亜邪,娃夜,娃弥,娃耶,安弥,安益,安矢,彩也,愛哉,早彩,明弥,有耶,杏耶,歩弥,空弥,空彩,絢夜,絢弥,絢矢,綾玲,阿也,aya,aya.,愛矢,阿耶
アヤヤ,綾弥,ajaja
ヤ,八,夜,家,屋,爺,矢,箭,輻,野
ヤヤ,埜々,夜也,稍,稍〻,較,弥也,弥夜,椰々,綾弥,耶々,谷々,谷谷
オヤ,祖,親,小弥,小矢,屋家
ヤニ,脂
ニオ,鳰
アヤマ,阿山,恵夢,綾摩
アヤマリ,愆リ,詫リ,誤マリ,誤リ,謝マリ,謝リ,謬リ
ヤマ,山,已マ,止マ,熄マ,病マ,耶麻,邪馬
マリ,万理,万里,摩利,毬,満里,真梨,磨理,磨璃,茉利,茉理,茉莉,茉里,鞠,麻理,麻莉,麻里,mali,万利,万梨,万璃,万織,摩理,摩莉,摩里,満利,満理,眞凛,眞凜,眞林,眞梨,眞璃,眞莉,眞鈴,真璃,真莉,真鈴,磨凜,磨利,磨莉,磨里,舞梨,舞理,舞璃,舞里,茉梨,茉瑠,蒔里,麻利,麻吏,麻李,麻梨,麻璃,麿里,mari,marhy,万莉,舞李
ヤオ,八鳳,弥旺,弥緒
ヤオヤ,八百屋
マリト,万里斗,眞理人,真理人,真理斗
リト,吏吐,吏読,吏道,凜歩,利音,吏飛,梨翔,梨都,理翔,璃都,莉都,梨戸
トオ,問オ,訪オ,遠
トオイ,遠イ
オイ,招イ,措イ,擱イ,於イ,生,甥,笈,置イ,老,老イ,老ヒ,負イ,趁イ,追イ,逐イ,小居
イイ,云イ,以夷,依倚,可イ,唯々,唯唯,善イ,好イ,快イ,怡々,易々,生イ,美イ,良イ,言イ,謂,謂イ,飯,飯井
コツ,兀,忽,苦都,請ツ,骨,kotu
コツソショウ,骨粗ショウ,骨粗鬆
コツソショウショウ,骨粗鬆症
ソシ,曽雌,沮止,疏食,阻止,曾師,曾志,曾紙,曾雌,楚之
ソショウ,粗ショウ,粗鬆,蘇従,訴訟
ショ,処,初,嶼,庶,所,書,杵,疏,署,蔗,薯,諸
ショウ,傷,冼,劭,勝,升,厰,哨,唱,商,妾,姓,将,小,少,尚,庄,床,廠,性,承,抄,昇,星,昭,晶,松,檣,正,消,湘,焦,焼,生,症,相,省,礁,祥,称,章,笙,簫,紹,翔,翔央,聖,背負ウ,荘,蒋,蔣,蕉,蕭,衝,証,詔,證,賞,邵,鈔,鉦,鍾,鐘,障,鞘,鞢,韶,頌,志陽,渉羽,祥雨,紫四侑,紫耀,翔鵬,sho,syo,show,syou,商備,翔泳社
ショウシ,小祠,彰子,彰志,承之,承嗣,承旨,掌指,松之,硝子,称シ,稱シ,笑止,訟師,証シ,誦シ,賞シ,鏱子,鞘翅,頌シ,翔之
ショウショ,小暑,象胥
ショウショウ,小照,小象,少々,少ショウ,悄々,悄悄,昌尚,昌燮,樟章,瀟湘,蕭々,証誠,證誠,昇々
ウシ,ウ歯,丑,大人,牛,齲歯,usi
ウショウ,右掌,鵜匠,右匡
ミギ,右
ギミ,君,気ミ
ミミ,美々,美海,耳,耳耳,妙峰,海々,深美,珠々,美珠,mimi,未海
ミニ,mini
ニニ,nini
ニキ,二輝,仁輝,虹綺,niki
ニキビ,面皰,靤皰
キビ,キ尾,吉備,己未,癸未,稷,羈縻,黍,吉比,氣比
ナゲ,凪ゲ,和ゲ,投,投ゲ,抛ゲ,薙ゲ
ナゲヤ,投ゲ矢
ナゲヤリ,投ゲヤリ,投ゲ槍,投ゲ遣リ,投遣リ
ゲ,下,偈,夏,外,毛,気,花,華
ヤリ,姦リ,槍,殺リ,演リ,犯リ,行リ,遣リ,鑓,飲リ
リナ,梨名,梨奈,梨菜,莉奈,莉菜,lena,倫菜,凛七,凛夏,凛成,凛那,凜南,凜奈,利納,利那,吏南,吏納,奏奈,彩杏,律奈,李並,李南,李納,李那,李雫,梨七,梨南,梨捺,梨楠,梨渚,梨納,梨那,理南,理永,理納,理那,琳名,琳奈,琳那,璃並,璃南,璃名,璃奈,璃納,璃菜,璃那,莉七,莉凪,莉南,莉名,莉夏,莉梛,莉楠,莉那,莉雫,里七,里南,里和,里捺,里杏,里梨,里納,里那,鈴那,麗那,麗鳴,lina,llyna,rina,李娜
ナヤ,納屋,納谷,魚棚,魚舎,奈也,奈弥,納家,納野,菜弥
ヤリナゲ,ヤリ投,ヤリ投ゲ,槍投ゲ
マサ,masa,増サ,昌,柾,満佐,真麻,雅,麻早,正如,眞早,眞瑳,真嵯,真早,真瑳,舞咲,茉佐,茉咲,茉沙,茉砂,茉紗,麻佐,麻沙,麻砂,麻紗,ma-sa
サチ,幸,祥,蹉躓,冴知,咲千,咲智,咲知,嵯知,幸智,幸知,彩千,彩智,彩知,早千,早智,早知,早茅,桜智,清智,sachi
チュー,chou,chu.,chuu
セッ,競ッ,糶ッ,赤
セッツ,摂津,攝津,sets
セッツシ,摂津市
シュウ,主,修,収,周,囚,宗,州,秀,秋,終,脩,臭,衆,輯,週,酋,醜,集,侍優,修宇,史悠,思悠,思羽,朱佑,柊優,柊有,秀羽,紫悠,紫生,駿海,shu,syu,志夢,柊羽,秀優
アブラ,油,炙ラ,焙ラ,脂,膏,膩,阿武羅,abra
ブラ,振ラ,bra
ラ,等,羅,螺
アル,在ル,或,或ル,有ル,亜璃,亜留,阿留,aru,有流
アルバ,alba,aruba
アルバム,album
カミ,上,佳味,咬ミ,噛ミ,噬ミ,嚙ミ,嚼ミ,守,帝,擤ミ,正,神,紙,賀美,髪,荷見,賀味
アニ,兄,豈,阿仁,阿二,ani
アニメ,anime
カタ,克タ,剋タ,剛,勝タ,固,型,堅,夥多,寡多,形,捷タ,掛搭,方,潟,片,硬,確,肩,肩ァ,難
カタタタキ,肩タタキ,肩叩キ
タタ,佇タ,勃タ,多々,建タ,彳タ,截タ,断タ,斷タ,発タ,立タ,経タ,絶タ,裁タ,起タ
タタキ,三和土,叩キ,扣キ,擲キ,敲,敲キ,多々木
タキ,滝,瀧,炊キ,炷キ,焚キ,多幾,多輝,太城,田己
シシ,嗣シ,嗣子,子々,子思,孜々,孜孜,忯子,死シ,死屍,獅子,獣,矢矢,示指,緇滓,詩思,資シ,sisi,sisii,子之,尸子
シシュ,卮酒,屍首,旨趣,詩趣,錙銖
シュジ,主治,主侍,種治
シュジュ,侏儒,種々,種ジュ,種種
シュジュツ,主述
ツチ,土,槌
ナマナマ,生々
マナ,万奈,愛,末那,満奈,真那,真魚,舞奈,茉奈,茉菜,麻奈,麻菜,麻那,mana,万永,万菜,万那,愛夏,愛奈,摩奈,摩那,眞那,真渚,磨名,磨奈,舞七,舞南,舞梨,舞納,舞那,茉並,茉名,茉夏,茉楠,茉納,茉那,麻七,麻南,麻名
ナマズ,癜,鯰,奈万豆
マズ,不味,先ズ,先ヅ,拙,混ズ
ズナ,沙,砂
マナマコ,真海鼠
ナマコ,海鼠,ナマ子
マコ,巻コ,捲コ,摩子,撒コ,播コ,纒コ,蒔コ,麻姑,万恋,万香,摩湖,眞瑚,真琥,真瑚,真虎,真鼓,磨子,稀子,舞湖,茉子,茉心,茉湖,茉瑚,茉胡,麻呼,麻恋,麻湖,麻瑚,麻胡,maco,mako
コナ,粉,小納,瑚夏,kona
マナメ,真奈芽
ナメ,嘗メ,滑,甜メ,舐メ
ナメコ,ナメ子
メコ,meco
ミッ,三,充ッ,光,満ッ,盈ッ
ミッシ,密使
ミッシュ,misch,m'sh,m’sh
ミッシュウ,密宗,密集
シュウソ,愁訴
ウソ,嘘,嘯,噓,獺,鷽,宇曾
シミ,凍ミ,染,染ミ,沁ミ,泌ミ,浸ミ,滲,滲ミ,紙魚,蠧魚,衣魚,shmi
ミッセツ,密セツ,密接
ミッペイ,密閉
ッペ,ッ屁
ペイ,pay
イソ,磯,礒,井曾
イソシ,伊孑志
チュウシ,中止,中祀,仲之,冲シ,冲之,沖シ,沖之,注シ,註シ,誅シ
チュウショウ,抽象
ショウコ,史生子,商估,商賈,小虎,小鼓,尚虎,捷子,掌故,照顧,粧子,肖古,証拠,詳子,證拠,證據,鉦鼓,鐘鼓,上子,井子,匠子,咲湖,奨子,招子,掌子,梢子,清湖,渉子,紫陽子,翔生子,翔虹,菖子,青子,shoko,syoko,shoco,翔保子,詩遥子
ショウコウ,ショウ紅,勝興,尚灝,彰晃,彰考,招降,昇紘,昌鎬,昌鴻,松篁,樵耕,消耗,湘贛,照宏,照嵩,猩紅,稱光,紹興,聖弘,葉公,青光,照浩,章興,笑好,紹晃,少昊
ショウコウギョウ,商工業
ウコ,泛コ,浮コ,宇宏
ウコウ,泛コウ,浮コウ,宇宏
コウギ,交誼,光羲,厚誼,好誼,恒偽,狎妓,高誼,虹技,kogi
コウギョ,耕漁
コウギョウ,弘業,興業,興行,香凝,向暁,斫工業
コウギョウシ,興行師
ギョウシ,仰視,凝之,凝脂,凝視,行思
シン,伸,信,報ン,審,岑,心,慎,新,晉,晋,染ン,死ン,沁ン,沈,津,浸ン,深,清,申,疹,眞,真,瞋,知ン,神,秦,箴,紳,縉,臣,芯,蓁,蔘,親,診,識ン,讖,身,軫,辛,進,針,震,思无,s!n,sin,syn,shin,sinn
シンコ,新香,神狐,糝粉,cinco,振古,普子
シンコウ,侵冦,侵寇,侵攻,信コウ,信仰,信更,振巧,振興,新興,深厚,深更,真興,進寇,進貢,振江,新晃
シンコウカ,振興課
シンコウカイ,振興会
コウカイ,叩解,後カイ,更改,狡獪,降灰
コウカイギ,公会議
ウカイ,ウ回,ウ飼イ,迂回,迂廻,迂迴,鵜飼イ,宇加井,浮海,烏養,鵜養,ukai
カイ,cay,kai,个簃,乖,交イ,会,佳以,假イ,効,匙,嗅イ,嘉比,回,塊,壊,峡,快,怪,恢,悔,戒,掻イ,搔イ,支イ,書イ,會,枻,楷,櫂,欠イ,海,甲斐,界,皆,缺イ,舁イ,花彙,花維,華夷,解,誡,貝,買,買イ,購イ,酤イ,開,闕イ,階,隗,飼,飼イ,伽以,佳依,佳維,叶偉,和依,夏維,改,改井,樺一,歌依,海唯,甲伊,花郁,賀井,香依,香維,魁壱,cai,賈彝
カイギ,会ギ,懐疑
イギ,井城
テ,手,手ェ,te',te’
テイ,丁,亭,低,体,停,堤,定,帝,底,廷,弟,悌,態,手結,氐,渧,程,艇,訂,貞,邸,鄭,體,帝威,tay,tei,カロ艇
テイシ,丁巳,低脂,停止,呈シ,呈子,底止,挺シ,訂シ
テイショ,呈書
テイショトク,低所得
テイショトクシャ,低所得者
テイショトクシャソウ,低所得者層
イシ,伊摯,倚子,医シ,委シ,威示,尉氏,意思,慰シ,甃,石,移祀,縊死,遺矢,頤使,頤指,異翅,一礁
イショ,移書
ショトク,書牘
ショトクシャ,所得者
トク,得,徳,悳,溶ク,特,疾ク,登久,解ク,説ク,釈ク,登丘,都久,toc,toku
トクシ,得シ,得之,特旨,督シ,禿子,禿氏,篤志,十九司,徳思,徳至
トクシャ,特赦
クシ,串,櫛,駆使,工士
クシャ,久嗟,俱舎,倶舎
シャソウ,車窓
ソウ,倉,僧,副ウ,創,双,叟,叢,壮,奏,宋,宗,層,巣,惣,想,早,曹,曺,曽,曾,桑,槽,沿ウ,添ウ,然ウ,爽,瘡,皕,相,筝,箏,総,總,聡,聰,艘,艚,草,荘,葬,装,走,躁,霜,sou,想歌,想羽,曾宇,爽羽,草雨,蒼爽,走羽,saw,sow,sxoxu,創企社
ブラジル,伯刺西爾,伯剌西爾,伯西爾
ブラジルジン,ブラジル人
ラジ,裸耳,raji,rajie
ジル,汁,gille,jil,jill,jille,zil
ルジ,屡次
ジン,人,仁,仞,仭,刃,刄,塵,尽,甚,神,腎,陣,jin,jing,sinn,zin,zine
ジンノ,陳野,神埜,陣ノ
ノミ,吞ミ,呑ミ,喫ミ,嚥ミ,而已,耳,能美,蚤,鑿,飲ミ,能味,野海,能見
ミラ,美裸,実来,未良,珠羅,美藍,見良,魅羅,魅蘭,moira
ラク,楽,樂,絡,酪,楽空
クル,久留,佝僂,刳ル,昏ル,来ル,繰ル,紅琉
クルビ,久留飛
ビラクバリ,ビラ配リ
ラクバ,落馬
クバ,久場,久芳,久波,久羽,久葉,工波,玖波
クバリ,配バリ,配リ
バリ,尿,張,張リ,罵詈,貼リ,針,鈎,鉤,馬狸,bali,burr
マグ,抂グ,枉グ,mag,mug,meg
マグマ,magma
マグマタイシ,マグマ大使
グ,具,愚,虞
グマ,熊,隈
マタイ,跨イ
タイ,体,台,堆,大,対,對,帯,態,戴,棣,泰,炊イ,炷イ,焚イ,耐,腿,諦,退,隊,鯛,thai,tie,但井,夛井,辰勲
タイシ,体シ,大祀,大肆,太史,太子,対シ,對シ,帯シ,耐脂,胎脂,退シ,退之,代石,大偉志,大嗣,太井子,太司,太士,太志,岱志,泰示,泰至
イシノ,石埜
シノ,信乃,死ノ,篠,紫乃,志埜,思乃,思望,慈乃,柴乃,栞乃,椎乃,止野,汐乃,示野,篠乃,紫濃,shino,獅乃,茨乃
ノマ,吞マ,呑マ,喫マ,嚥マ,飲マ,乃万,埜真,埜間,埜馬,墅間,noma
ママ,mama,侭,儘,媽媽,間々,飯,maman,万々
シンセツシン,親切心
セツシン,薛晨
シンサツ,シン察
シンサツシツ,診察室
サツ,冊,刷,去ツ,察,札,殺,薩
シツ,失,室,悉,湿,漆,瑟,疾,識ツ,質
シサ,示唆,示差,cisa
シサツ,歯擦
ノダ,埜田,納多,能多,能弾,能田,noda
ダダ,陀田,駄々,da-da,dada
ダナ,店,棚,donna
ナノ,七,奴,nano,奈希,梛乃,楠乃,na:no,渚乃,*菜乃
バナ,洟,端,花,華,鼻
ナナ,七,南那,奈々,奈七,奈南,奈那,菜々,那奈,nana,七々,七七,七夏,七奈,七渚,七菜,七那,凪々,凪那,南菜,和奈,声菜,夏奈,夏那,奈也,奈夏,寧菜,成菜,捺七,捺夏,楠菜,渚夏,渚奈,菜七,菜南,菜那,那々,那咲,那菜,那那,nana*,那七
ナナノ,南々乃,夏菜乃,奈々乃,奈々野,奈菜乃,奈菜野,奈那乃,菜々乃
ノナ,乃那,希菜,能名,nona
ナゾ,謎
ハマ,喰マ,浜,濱,食マ,播摩,波摩,波満,波磨,浜間,羽磨,葉満,葉麻,hama
ハマダ,葉満田,葉間田
マダ,未ダ,摩田
ハシ,椅,橋,派シ,破シ,磴,端,箸,吐師,波紫,羽紫
ハシュ,ハ種
ハシュツショ,派出所
シュツ,出
デ,de,出,手
デシ,弟子,deci
キョウギ,キョウ木,恊議,竸技
キョウギュウビョウ,狂牛病
ギュウ,妓夫,牛
ウビ,wubi
ビョウ,俵,廟,渺,病,眇,票,秒,鋲
ビョウブ,屏風,屛風
ウブ,初,初心,右廡,羽舞
ブー,boo
ブーム,boom
ヨボ,呼ボ,喚ボ,招ボ,称ボ,余保
ボ,墓,帆,戊,母,穂,簿,謨,募
ナマアタタカ,ナマ暖,ナマ暖カ,ナマ温カ,生アタタカ,生暖カ,生温カ
ナマアタタカイ,ナマ暖イ,ナマ暖カイ,ナマ温カイ,生暖カイ,生温カイ
マア,正,眞阿,真安,真阿,麻安,麻阿,ma-r,maa
アタ,咫,阿多,阿太,阿田
アタタ,atata,阿多田
アタタカ,暖,暖カ,温カ
アタタカイ,暖イ,暖カイ,温カイ
タタカ,叩カ,扣カ,擲カ,敲カ
タタカイ,戦イ,戰イ,闘イ,鬪ヒ
タタカイカタ,戦イ方
タカ,多佳,多寡,炊カ,炷カ,焚カ,貴,高,高カ,高価,鷹,多伽,隆影,taka,taca
タカイ,貴以,高イ,高カイ,高価イ,田加井,高飯
カイカ,槐柯,槐花,懐化,絵華,海霞
カイカタ,買イ方
イカ,以下,凧,厳,去カ,如何,往カ,烏賊,生カ,紙鳶,行カ,逝カ,ica,ika
イカタ,鑄方
デビ,dewi
ビー,b,be,bee,be.,be...
ビール,麥酒,麦酒,beale,beer,veal
ツグ,亜グ,告グ,嗣,嗣グ,次グ,注グ,継グ,繼グ,訃グ,誥グ
グビ,具備
ビシ,媄子,菱
ビショウ,微笑,美粧,備生
ビショウネン,美少年
ショウネン,娼年,正稔
ウネ,有年,畝,宇祢,宇禰
ウネン,迂ネン
ネ,値,子,寐,寝,根,音
ネン,寝ン,年,弥ン,念,煉ン,燃,粘,練ン,錬ン
ビル,bill,毘盧,蒜,蛭
ルノ,留乃,ル乃,流埜,琉乃,琉望,瑠乃,瑠野,luno
オク,億,奥,奧,屋,措ク,擱ク,於ク,置ク,邑久,於久,越久,遠久
オクジ,憶事
クジ,久地,久慈,亀旨,公事,旧事,籤,鬮,久滋,久茲
クジョ,駆除
クジョウ,久城,宮條,狗壌,公庄,公荘,kujow
ジョウ,丈,上,乗,乘,允,判官,城,場,嫋,嬢,定,尉,帖,常,情,成,掾,条,條,状,狀,畳,疊,穣,粥,聶,蒸,襄,譲,錠
ウデ,腕,茹デ
ビス,vis,bisue,bis
スケ,亮,介,佐,助,助ケ,好ケ,抄ケ,梳ケ,漉ケ,空ケ,透ケ,鋤ケ
スケット,助ッ人
ケ,ヶ,卦,家,毛,気,笥,褻,蹴
ケッ,血,蹴ッ,蹶ッ
カジ,ヶ寺,加治,嘉治,梶,楫,橈,箇寺,舵,訛字,譌字,遐邇,鍛冶,鍛治,kaji,加冶,賀司,賀地,賀治,鍛地,鍛次,鍛示,鍜冶,鍜次,鍜治,鍜示
カジル,嚙ジル,嚙ル,囓ル,齧ル
ビキ,匹,引,引キ,弾キ,挽,挽キ,曳キ,疋,碾キ,轢キ,biki
ビキニスガタ,ビキニ姿
ニスガ,仁須賀
スガタ,姿,容,相,須賀田,池室,眇田,管田,須加田,須方
ガタ,型,形,方,潟,肩,難
タデ,蓼
ビーチ,beach
ハシル,奔シル,奔ル,疾ル,走ル
シル,報ル,汁,知ル,識ル,sill
ビン,便,壜,彬,敏,瓶,閔,鬢,vin
ビンセン,便セン,緡銭
リビ,莉美
ニヤ,二耶,仁也,仁弥,仁耶,忍弥
ヤブ,籔,薮,藪,養父,八夫,弥武,彌武,野府,yab
ヤブク,破ク
ブク,服
クビ,頸,首,馘,久比
ビーズ,bz,b’z,b'z
ザ,the,坐,座
ザイ,剤,咲イ,在,材,罪,財,際,在井
ザイク,細工,罪垢
イクノ,生野,活乃,活野,生乃
クノ,久野,久埜,九埜,工野,椹野,求野,玖野,紅乃
ノビ,伸ビ,延ビ,野比,novi,nobe,novie
ビワ,枇杷,琵琶,批杷
ニツメ,煮ツメ,煮詰メ
ニツメル,煮ツメル,煮詰メル
ツメ,摘メ,爪,積メ,詰,詰メ
ツメル,凝メル,抓ル,摘メル,積メル,詰メル
メル,女瑠,梅琉,瞳瑠,瞳留,芽心,芽瑠,芽留,萌留,mar,mell,mel,芽流
ビンボウ,貧乏,ビン坊
ボウ,亡,傍,冒,坊,峯,峰,帽,房,暮雨,暴,某,棒,紡,膨,芒,茫,防,bou
モビー,moby
バー,bar
カッ,交ッ,借ッ,克ッ,刈ッ,剋ッ,勝ッ,捷ッ,支ッ,核,活,狩ッ,穫ッ,苅ッ,褐,角,買ッ,購ッ,酤ッ,飼ッ,駆ッ,駈ッ
カッテ,勝手,katt
テイル,till,teil
イル,入,射ル,居ル,炒ル,煎ル,熬ル,要ル,鋳ル,ile,iru
ビク,挽ク,比丘,碾ク,轢ク,魚篭,魚籃,魚籠
クシナ,久品
シナ,品,志那,支那,榀,死ナ,科,四七,志梛,糸那,紫南,紫奈,詞南,詞梛,詞渚,詞雫,詩夏,詩梛,sina
ナガ,凪ガ,和ガ,永,薙ガ,那賀,長,長ケ,na-ga
ナガラ,乍,乍ラ,長柄,長良
ガラ,幹,柄,殻,瓦落,辛,辣,鹹
ラビ,rabbi,來美,labi
ビジュツ,媚術,美ジュツ
ビジュツヒン,美術品
ヒン,乾ン,品,嬪,干ン,放ン,簸ン,貧,賓,頻
アツ,充ツ,厚,圧,在ツ,敦,暑,有ツ,熱,篤,逢ツ,亜都,厚保
アツカ,敦佳,淳夏,温香
アツカウ,扱ウ
ツカ,付カ,冢,即カ,卽カ,吐カ,塚,就カ,従カ,憑カ,掬,搗カ,撞カ,支カ,束,柄,活カ,点カ,着カ,突カ,築カ,著カ,衝カ,蹤カ,附カ
ツカウ,仕ウ,使ウ,卽カウ,憑カウ,費ウ,遣ウ,附カウ,塚生
カウ,交ウ,寡雨,支ウ,河盂,買ウ,購ウ,迦宇,酤ウ,飼ウ
ビア,via
アガ,安賀,阿賀,英賀,阿河
アガー,agar
ガー,gurr
デン,伝,傳,出ン,奠,殿,田,鈿,電,den,電交舎,電販
デンノ,傅野
クバル,配バル,配ル
バル,張ル,貼ル,bal
バルビ,barbi
シンジ,伸司,伸志,伸治,信ジ,信史,信司,信士,信志,信治,宍道,審爾,愼司,愼士,慎史,慎司,慎嗣,慎士,慎治,新司,新治,晋治,槇二,深志,眞司,真司,真嗣,神示,薪次,進ジ,伸寿,伸知,伸示,信爾,信示,審治,心司,愼二,愼治,慎仁,慎志,新士,晋史,晋司,晋爾,普二,梓司,森児,森詩,榛地,眞嗣,眞志,眞治,眞滋,真士,真爾,紳司,紳治,紳滋,臣司,芯司,親治,進史,進司,進土,進治,進滋,進示,震治,審彌,新ニ,真詞,親ニ
シンジン,信ジン,信心,審尋,審訊,真身,進ジン
ジンシ,人尸,人屎,人脂,辰斯,陣シ
ノシ,乗シ,伸シ,延シ,搭シ,熨シ,熨斗,載シ
シンシ,参差,唇歯,心思,慎思,振子,晋祠,浸漬,真シ,真執,真摯,真至,神祠,進止,真孜,進之,申思
シンシュ,眞趣,真趣,進取
シュン,俊,峻,旬,春,舜,迅,隼,駿,$hun,shun,syun
ソンシ,存シ,損シ,遜之
ショー,show,shaw
ボウズ,坊主,忘ズ
ウズ,渦,雲珠
ズガ,zuga
ガビ,娥眉,峨眉,画眉,蛾眉
ガビョウ,画ビョウ
ニジ,虹
ニジョウ,荷杖
ジョウズ,上手,上洲,jaws
ウズノ,鶉野
ウズノエ,埋ノ江
ノエ,野家,乃恵,乃瑛,乃笑,乃英,乃詠,之恵,埜恵,希依,望絵,望詠,野恵
エ,会,得,慧,枝,柄,榎,江,獲,画,畫,穢,絵,荏,衣,重,餌,絵維徒
カイタ,槐多,槐太,頴田,介多,介太,諧太,魁太
イタ,板,痛
タカタカ,高々
カタカッ,剛カッ,固カッ,堅カッ,硬カッ,確カッ,難カッ
タカッ,聚ッ,集ッ
カッタ,刈田,克太,勝多,轄多,轄太
ッタカ,ッ高
タカラ,宝,寳,田加良,聚ラ,財,集ラ,多加良,多可良,多嘉良,多賀良,宝人,宝良,尭来,岳諒,財部,貴良
タカラカ,高ラカ
カラ,乾,借ラ,刈ラ,唐,幹,殻,狩ラ,穫ラ,空,苅ラ,辛,辣,迦羅,駆ラ,駈ラ,鹹,kalla,kala,佳羅,加良,嘉良,歌楽,花楽,花空,香空,kara
カラカッ,揶揄ッ,辛カッ,辣カッ,鹹カッ
キキカタ,聞キ方
キカ,利カ,効カ,尋カ,帰嫁,帰樺,幾何,揮下,机下,聞カ,聴カ,訊カ,麾下,季佳,葵加,kika
タタキニク,叩キ肉
ニクカッ,憎カッ,難カッ
ショウショウジ,正昭寺
ショウジ,声字,宵二,尚侍,尚史,尚司,庄司,庄治,彰二,彰治,彰璽,招ジ,捷二,捷治,掌侍,昇司,昇治,昌二,昌司,昌子,昌次,昌治,昭司,昭治,昭示,晶司,東海林,正司,正治,正爾,照次,生ジ,生死,省司,省治,祥司,祥治,章司,章治,翔治,荘司,蕉治,詔治,請ジ,象二,召二,圧司,奨二,奨史,奨治,奨詞,将治,將司,小司,床司,彰司,彰士,招二,昇史,昇志,昭志,晶仁,東海枝,樟治,正示,生司,生治,省志,祥士,祥志,章史,紹司,翔司,翔滋,翔示,荘之,莊司,詔士,象治,鐘司,鐘治,匠司,匠志,奬志,捷次,昇侍,昌児,昭爾,照士,笑二,笑児,翔志,詔司
ウジ,宇治,氏,蛆
ウジキ,宇治木
ジキ,恃気,慈禧,敷,敷キ,瓷器,直,色,慈耆,ziki
キシ,キ志,嬉子,岸,己巳,帰シ,帰旨,愧死,旗幟,期シ,来住,棊子,棋史,棋士,癸巳,着シ,箕子,記シ,起シ,騎獅,亀師,來住,吉仕,吉志,城至,幾志,耒住
キショ,寄書,気色
キショウ,キ章,其昌,基璋,奇峭,奇捷,妓生,毀傷,気色ウ,気象,紀昌,記誦,起請,己詳,絆翔,輝松
ショウソ,勝訴,小組,称ソ,稱ソ,訟訴
ショウソウ,小壯,松操,焦燥,照相,称ソウ,稱ソウ,聖三,松窓
ウソウ,雨窓
ソウノ,荘埜,惣埜,操野,素野,艸野
ウノ,鸕野,卯埜,夘埜,夘野,宇埜,苧野,uno,宇能,雲乃
ノソ,伸ソ,熨ソ,能租,野曾
コマ,小澗,巨摩,巨麻,混マ,狛,独楽,細,込マ,駒,高麗,齣,古満,小麻,杞真,湖麻,co-ma,coma*,koma,coma
コマゴメ,駒込,駒籠
メノ,meno
ノワ,noix,叶和,望和,nowa
ワガ,吾ガ,我,我ガ
ワガママ,我ガママ,我ガ侭,我ガ儘
ガマ,gama,窯,竈,罐,蒲,蝦蟇,蟇,釜,鎌,賀満
マモ,真望,真桃,茉萌,mamo
ノナカ,能仲,埜中,埜仲,濃中,農中
ナカ,中,仲,南花,号カ,哭カ,啼カ,欷カ,泣カ,那加,那珂,那賀,鳴カ,仲嘉,南賀,名佳,奈佳,奈賀,姓嘉,菜々華,菜佳
ナカノ,中埜,名香野,中ノ,中納,中迺,仲埜,奈賀野,那加野
カノ,刈野,彼ノ,狩野,佳納,假野,加埜,圭乃,奏乃,樺乃,禾乃,花望,華埜,賀野,霞乃,風乃,cano,kano,佳音
ノノ,野々,乃々,埜乃,希々,紀乃,能々
ナマケ,怠ケ,懶ケ
ナマケモノ,ナマケ者,怠ケモノ,怠ケ者,懶ケ者
マケ,卷ケ,巻ケ,捲ケ,撒ケ,播ケ,敗,敗ケ,纒ケ,蒔ケ,負
ケモ,kemo
ケモノ,獣
タケ,丈,多慶,岳,峯,武,炊ケ,炷ケ,焚ケ,竹,茸,長ケ,闌ケ,他化,多計,嶽
タケヤ,武也,武弥,武谷,竹弥,竹谷,丈也,偉弥,剛也,剛哉,剛弥,剛矢,剛耶,岳也,岳哉,岳谷,武哉,武耶,竹舎,多慶屋
タケヤブ,竹ヤブ
ケヤ,化屋,毛谷,芥屋
ケタ,桁,氣多,化田,氣田
ケタテ,ケ立テ,蹴立テ
タテ,佇テ,勃テ,建テ,彳テ,截テ,断テ,斷テ,楯,樹テ,殺陣,点テ,発テ,盾,立,竪,経テ,絶テ,縦,裁テ,起テ,館,tate
タテカケ,立テカケ,立テ掛ケ
テカ,樋嘉
テカケ,妾,手懸,手懸ケ
カケ,加計,懸ケ,抓ケ,挂ケ,掛,掻ケ,描ケ,搔ケ,書ケ,架ケ,欠ケ,玷ケ,缺ケ,翔ケ,舁ケ,賭,賭ケ,闕ケ,駆ケ,駈ケ,賀家,掛ケ子
カケタ,懸田
タノ,田埜
タノダ,田野多,田野太,田野田
ダレ,垂レ,弛レ,誰,誰レ
レ,les
レダ,leda
オユ,老ユ
ユ,兪,喩,愈,柚,楡,油,湯,瑜,云
ユヤ,油谷,湯谷,結也
ニイ,2尉,二,二尉,仁比,兄,兄ィ,弐,新居,nie
イクト,生人,生叶,生斗,育人,育渡,育登,育飛,郁人,郁民,郁渡,郁登,郁翔
クト,久斗
トヤ,塒,外谷,戸谷,鳥屋,戸舎,登谷,鳥家
トヤオ,鳥屋尾,鳥谷尾
ニオイ,匂,匂イ,臭,臭イ,荷負,香井
アウ,会ウ,合ウ,晤ウ,逢ウ,遇ウ,遭ウ
ウヨ,紆余
ヨリ,依リ,倚リ,因リ,寄リ,憑リ,択リ,拠リ,捻リ,撚リ,撰リ,據リ,由リ,縁リ,縒,縒リ,選リ,夜梨,鷹浬
ヨリイ,寄居,依井,寄井
リイ,凜衣,利唯,李依,梨井,梨以,梨唯,梨惟,梨衣,玲衣,理以,理依,璃依,璃衣,莉唯,莉妃,莉衣,李緯
イマアイ,イマ会イ
マアイ,間合イ
アイ,eye,eyes,i,亜依,亜已,会イ,厭イ,合,合イ,哀,娃,安威,愛,愛衣,明イ,晤イ,歩衣,相,空イ,藍,逢イ,遇イ,遭イ,開イ,間,阿井,阿姨,隘,飽イ,aye,亜唯,亜惟,亜維,吾唯,吾惟,吾衣,娃伊,娃依,娃冶,娃維,娃衣,安唯,安維,安衣,心依,愛唯,有衣,杏依,杏唯,杏結,歩唯,歩惟,阿唯,阿惟,彩衣,藍維
アイア,愛蛙
イア,意阿,唯亜
イアル,伊亜流
アルノ,有乃
ノハ,饒波
アワ,会ワ,合ワ,安房,晤ワ,泡,淡,粟,逢ワ,遇ワ,遭ワ,阿波,亜波,吾波,安発,阿輪,awa
ワナ,穽,罠
ナイ,亡イ,内,凪イ,勿イ,号イ,和イ,哭イ,啼イ,失イ,奶,微イ,成イ,无イ,欷イ,泣イ,無イ,綯イ,罔イ,莫イ,薙イ,鳴イ,姓井
ナイデ,名出
イデ,出デ
イデイ,韋提,伊伝居,伊出井,出射
デイ,泥,出樋
デイウ,diue
イウ,云ウ,言ウ,謂ウ,井生,依羽
ウア,烏鴉
アイシ,哀思,愛シ,逢志
アイシテル,愛シテル
テル,tel,teru,照,照ル,輝,輝ル,汀留
ギロ,伐ロ,切ロ,截ロ,斫ロ,斬ロ,guiro
ギロン,議ロン
ロン,崙,論,r-one,ron,r・o・n
スキ,主基,好キ,抄キ,数奇,数寄,梳キ,棃,漉キ,犂,空キ,透キ,酸キ,鋤,鋤キ,隙,須岐,須木,周枳,寿木
スキノ,鋤納
キノ,紀埜,城能,妃乃,木埜,桔野,祈乃,葵乃,kino,紀楳亭,薪乃
ノギ,禾,能木,能義,芒,埜木,野喜
ノギイ,野木井
イン,in,入ン,印,員,婬,射ン,尹,居ン,往ン,忌ン,殷,淫,炒ン,煎ン,熬ン,要ン,鋳ン,院,陰,隠,韵,韻,飲,inn,yin
インガ,因果,inga
ギジ,擬似,擬餌,疑似,疑餌
ギジドウ,議事堂
ジドウ,侍童,兒童,示導,自ドウ,自働
ド,°C,土,奴,度,怒,戸,砥,島
ドウ,何ウ,動,同,堂,如何,導,幢,洞,童,籐,胴,道,銅,dough,侑玄堂
ニギッ,握ッ
ギッ,伐ッ,切ッ,截ッ,斫ッ,斬ッ
シリ,報リ,尻,後,止痢,知リ,臀,至利,至理,識リ,siri
アルヒ,aruhi
ヒヒ,比々,狒々,狒狒,霏々,霏霏,非々
ヒル,hill,乾ル,午,干ル,放ル,昼,晝,簸ル,蒜,蛭,比留
ニヒ,二臂
ヒルナ,陽瑠奈
ルナ,流奈,流菜,瑠奈,月叶,月那,流南,流永,流波,流那,潤奈,琉南,琉名,琉奈,琉月,琉楠,琉永,琉菜,琉那,瑠七,瑠南,瑠名,瑠梛,瑠真,瑠菜,瑠那,瑠雫,留南,留名,留奈,留菜,留那,羅奈,luna,runa,屡那,瑠愛
アヒ,逢ヒ,阿飛
アヒル,家鴨,鶩,安蒜
ヒルン,怯ン
メカ,meka
ノブ,乃婦,乃生,矗,述ブ,野面,knob,濃部,nob,nobu.
ノブナ,信菜
ノブナガ,信長,延永,演永,設永
ブナ,山毛欅,橅
ドノ,何ノ,殿
ノモ,nomo,吞モ,呑モ,喫モ,嚥モ,野母,野茂,飲モ
ナラ,做ラ,奈良,成ラ,枹,楢,為ラ,生ラ,鳴ラ,南良,名良,那羅,那良,nara
ネネ,寧々,寧寧,寧嶺,寧希,寧祢,希々,希嶺,弥音,祢音,音宇,音寧,音嶺,音祢,nene,音々
ネド,nedo
モネ,monet,望音,桃寧,百嶺,萌寧,萌祢,百音
ノジ,能治,野治
モモウ,揉モウ
モウ,孟,揉ウ,毛,猛,盲,網,舞ウ,蒙,魍,mow
モウウ,濛雨
ウウ,憂ウ,飢ウ,餒ウ
ウウレ,飢ウレ,餒ウレ
ウレ,売レ,宇連,得レ,熟レ,賣レ
カラモ,搦モ,絡モ
カラモウ,搦モウ,絡モウ
ウレヨ,売レヨ,熟レヨ,賣レヨ
サセ,刺セ,射セ,差セ,指セ,挿セ,止セ,注セ,点セ,螫セ,鎖セ
サセツ,些屑,左折
シャセ,射セ,謝セ
センヨ,仙誉,仙譽,専誉
センヨウ,千甕,占用,宣耀
ヨウ,佳ウ,俑,八,善ウ,四,好ウ,姚,宜ウ,幼,庸,快ウ,悦ウ,揚,曜,杳,楊,榕,様,洋,瑤,瑶,用,癰,窯,羊,良ウ,葉,蓉,要,鄘,酔ウ,陽,雍,養,耀生,葉羽,yoh
ヨウシ,佯死,夭死,妖糸,容姿,容止,拗糸,擁シ,用シ,用祉,羊脂,葉姿,要シ,要旨,養嗣,養施,楊思,燿史
ヨウシャ,容赦,擁シャ,溶射,用捨,要シャ
ウセ,失セ
ウセツ,右折
シャガ,射干,著莪,胡蝶花
ギャク,逆
ギャクソウ,逆送
クソ,屎,糞,久瑞
クソウ,臭ウ
ブス,撫ス,附子
スガイ,須貝,栖養,管井,酉井,酉水,須谷,須賀井,須階,須飼
ガイ,凱,効,垓,外,害,愷,慨,甲斐,盖,臥位,蓋,街,該,貝,買,買イ,階,飼,飼イ,guy,瓦井
ガイド,guide
イド,緯度,依戸
ギメ,極メ,決メ
メミ,愛見,愛観,瞳美,芽珠,萌美,memi
ミミミ,美々実
ジェロ,jello
ロゼ,roze
ゼ,世,是,瀬
ゼン,zen,全,冉,前,善,染,然,禅,競ン,糶ン,膳,xen,全就連,単
ゼンシ,全姿,前翅,蟬子
シャシ,奢侈,射シ,沙市,社祠,謝シ
シャシュ,シャ手
ヒョウ,俵,平,彪,標,票,表,評,豹,鏢,雹,颷,飄,馮,驃
ヒョウジ,兵司,標示,表示,豹治,豹滋,豹示
ヒョウジュンソウビ,標準装備
ジュン,jun,june,准,巡,旬,淳,準,潤,純,荀,詢,隼,順,jyun,zyun.,持侑
ジュンソウ,殉葬
ソウビ,薔薇,装備,草灯,蒼美
カギ,嗅ギ,鉤,鍵,鑰,賀木,賈誼,鉤・鈎
カギャ,嗅ギャ
カギャク,加虐,苛虐
カギャクハンノウ,可逆反応
ハン,han,判,半,反,可汗,喰ン,張ン,恨,斑,榛,樊,汎,潘,煩,版,犯,班,畔,範,絆,范,藩,販,貼ン,韓,食ン,飯
ハンノ,半ノ,半埜,墫野,母野
ハンノウ,半納,反応
ウモ,倦モ,惓モ,熟モ,生モ,産モ,績モ,膿モ
モフ,moff
フカ,フ化,吹カ,噴カ,孵化,拭カ,浮華,深,潭,葺カ,負荷,鱶,布賀
フカギ,深城,深来,深耒
フカギャク,不可逆
フカギャクハンノウ,不可逆反応
モカ,mocha,望加,望歌,桃加,百叶,百栞,百歌,百香,茂家,萌佳,萌叶,萌禾,萌賀,萠椛,萠香,藻茄,雲華,moca,moka,茂珈
カガ,嗅ガ,伽賀,加々,加鹿,可香
カガク,寡額,華嶽
カガクハンノウ,化学反応
ガク,学,學,岳,楽,萼,鄂,額,顎,我久,賀久,gak,gaku,onz,雅矩
マン,man,万,幔,慢,満,萬,饅,万幸,mann
マンギョン,万景
マンギョンボン,万景峰
マンギョンボンゴウ,万景峰号
ボン,bon,凡,坊,峰,本,梵,盆,bonn,bom
ボンゴ,bongo
ゴウ,五,剛,号,合,壕,格,業,毫,江,濠,豪,郷,鰲
ゴウキ,剛キ,拷器
キマン,極マン,極ン,決マン,決ン
ガッ,学,學,月
ガッコ,学光,gacco
ッコ,ッ児,ツ子
コウキ,侯覬,光輝,厚基,広輝,康煕,康熙,弘毅,昂輝,江棋,洪煕,浩己,浩暉,紅輝,紘基,興毅,興起,高輝,鴻禧,黄杞,亘希,亙亀,亨貴,倖季,倖己,倖希,倖輝,光穀,公己,凰貴,凰輝,功己,功輝,厚喜,好輝,孝輝,宏毅,宏軌,宏輝,岬樹,岬生,巧棋,巧樹,巧貴,巧輝,幌輝,幸來,幸妃,康己,康揮,康暉,康植,康輝,弘紀,弘記,弘起,恒樹,恒機,恒毅,恒輝,拘輝,昂希,昂暉,昂樹,昂生,昊樹,昊軌,昴樹,晃喜,晃城,晃基,晃季,晃己,晃希,晃樹,晃貴,構木,洪輝,洸暉,洸輝,滉基,滉季,滉樹,滉生,滉稀,滉規,滉貴,煌己,珈機,琥羽輝,甲輝,皇輝,皐樹,皓暉,皓紀,紘希,紘毅,考輝,耕己,耕材,興樹,興紀,航己,虹稀,虹輝,誇希,貢樹,香輝,kohki,公揮,孝啓,恒貴,昴輝,晃暉,晃毅,更起,洽樹,航輝,虹気,高琪
コウキュウ,好逑,恒久,攻究,曠久,考究,講究,購求,高俅
キュ,休生
キュウ,ix,丘,九,仇,休,吸,嗅,宮,急,旧,朽,求,汲,灸,球,窮,笈,糾,級,給,舊,邱,qyu
キュウキ,歙汽,久己,久樹,久紀,久規,久記,久騎
キュウキョ,丘墟,急キョ,急遽,鳩居
キョキ,歔欷
キュウコ,舅姑,久古,久故
キュウコウ,九皐,救荒,躬行,九宏
コウイ,厚意,口囲,攻囲,更衣,校尉,皇矣,肛囲,行爲,降以,香以,江夷
ウイ,憂イ,泛イ,浮イ,oui,兎苺,初唯,初衣,卯依,宇以,宇唯,生衣,美依,羽以,羽依,羽唯,羽維,雨依,雨唯,初愛
イエ,云エ,云ヘ,家,癒,癒エ,言エ,謂エ,謂ヘ,井恵,家燕
デジ,deji
ジシ,侍シ,侍史,持シ,次姉,治シ,獅子,自恣,自脂,辞シ
ジシュウ,時習,自習
シュウチ,シュウ恥,愁恥,痩地,羞恥,羞耻
シュウチョウ,シュウ長,繍帳,繡帳
チョ,楮,緒,著,褚
チョウ,丁,兆,寵,帖,帳,庁,廳,張,挺,朝,梃,牒,町,疔,聴,腸,萇,蝶,調,超,趙,長,頂,鳥,金魚蝨
チョウシ,寵シ,弔シ,弔使,弔詞,弔詩,徴シ,徴士,朝シ,肇刺,蝶紫,諜シ,趙衰,銚子,長姉
チョウシュ,徴取,聴取
チョウシュウ,徴収,徴集,潮州,重修,長袖,張繍,聴洲
シュウチュウ,袖中
ウチュウチョウ,宇宙庁
チュウチ,虫豸
チュウチョ,躊チョ,躊躇
チョウシュウリキ,長州力
シュウリ,シュウ理
ウリ,売,売リ,瓜,賣リ,羽莉
ウリキ,売リ気
リキ,力,李琪,李逵,驪姫,凌希,力毅,哩己,梨伎,梨希,梨揮,梨樹,梨紀,浬輝,理暉,璃伎,璃樹,璃生,立基,莉伎,莉來,莉季,莉祈,莉綺,莉規,陸希,龍毅,riki,力紀,李輝,来輝
トウ,佟,倒,党,冬,刀,十,唐,問ウ,塔,夙ウ,富ウ,島,当,投,東,桃,棟,榻,涛,湯,灯,燈,父,當,疾ウ,痘,登,盗,稲,等,筒,答,籐,糖,統,舅,董,薹,訪ウ,鄧,鐙,陶,頭,黨,tow,サン島,ポンツァ島
トウキ,投企,東輝,登輝,逃毀,逃気,透輝,闘気,闘牙,騰記,騰貴,冬己,冬輝,斗貴,遠木
トウキョ,刀鋸,東去,逃去
トウキョウ,tokyo,桐杏,頭胸,塘橋
トウキョウト,東京都
キョウト,kyoto,京都,兇徒,京渡,京登,恭斗,恭渡,恭登,恭都
ウト,伐ト,宇土,射ト,打ト,拍ト,搏ト,摶ト,撃ト,疎,討ト,宇登,生戸
ウトッ,伐トッ,射トッ,打トッ,拍トッ,搏トッ,摶トッ,撃トッ,討トッ
トッ,取ッ,問ッ,執ッ,奪ッ,征ッ,捕ッ,採ッ,摂ッ,撮ッ,父,父ッ,獲ッ,盗ッ,突,訪ッ,録ッ
トッキ,凸起,徳器,徳輝,特機,特記,tokki
トッキョ,特許
キョキョ,虚々
キョカ,キョ可,去夏
カキョク,佳局
キョク,局,曲,極
キョクキ,棘鰭
クキ,久喜,久貴,久鬼,玖木,茎,郡支,久岐
キョクチ,極緻,極致
クチ,口,朽チ,駆馳
キョウキュウ,キョウ給,供給,匡救
キャッカ,却下,客貨,脚下
ダシ,出シ,出汁,堕シ,山車
ダシャ,出シャ,堕シャ
ソウシ,冊子,創祀,双翅,叢祠,喪志,奏シ,嫂子,宗祀,相シ,相思,繰糸,草シ,草姿,草思,装姿,壯志,宗獅,操司,湊司,湊士,湊巳,湊志,蒼士,蒼志,颯司,颯志
ソウシャ,奏シャ,掃射,操車,桑柘
シャショウ,写象,捨象,車掌
シャショウシャ,車掌車
ショウシャ,瀟洒,焼炙,照射,称シャ,稱シャ,軺車
ソウシャイッソウ,走者一掃
シャイ,shy,shai
イッ,一,云ッ,入ッ,去ッ,可ッ,善ッ,壱,好ッ,往ッ,快ッ,炒ッ,煎ッ,熬ッ,美ッ,良ッ,行ッ,要ッ,言ッ,謂ッ,逝ッ
イッソ,逸ソ,isso
イッソウ,一ソウ,一掃,逸ソウ,逸走,一噌,一湊,逸聡
キュウシ,キュウ師,キユウ師,九紫,休シ,休止,救歯,窮シ,給シ,給脂,臼歯,休之
キュウシュ,救主,球趣,鳩首
キュウシュウ,仇讎,仇讐,急就,急襲,旧習
ウク,宇久,憂ク,泛ク,浮ク,uku
クウコ,控股,空狐
コウノ,河埜,河野,甲努,高,川埜,巧野,巷野,幸埜,昿野,構野,河之野,河納,湟野,甲埜,甲弩,甲能,畊野,神埜,神於,糠野,耕納,鉱納,鑛納,鴻埜,鴻農,kono
コウノキ,香ノ木,神納木,鴻ノ木
ウノキ,鵜ノ木,鵜木,卯ノ木,卯之木,卯野木,夘之木,夘木,夘野木,宇ノ木,宇之木,宇野木
キュウキョク,究極
ウキョク,紆曲,迂曲
クコ,枸杞,ク仔,久胡
キュウコウク,鳩江区
ウコウク,于洪区,右江区
コウク,康衢,惶懼,鑛區
コウクウキ,航空機
シュシ,主旨,趣旨,酒肆
シュショウ,修証,修證,手掌,朱裳,殊勝
ショウハ,召波,照破,蓼坡
スジ,筋,suzy
スジョウ,種姓,素姓,素性,素生
スジョウユ,酢醤油
ジョウユ,正油,醤油,醬油,上諭
ユガ,瑜伽
ガオ,gao,気表,皃,貌,貎,顔
オス,圧ス,小簾,押ス,押忍,捺ス,推ス,牡,雄
マメ,豆,麻芽,mame
トマ,富マ,苫,戸摩,戸澗
マニ,摩尼,満仁,真新
ニマ,仁摩,迩摩,邇摩,二万,二摩,仁万,爾摩
ニマメ,ニ豆
メモ,memo
メモラ,目盛ラ
モラ,守ラ,洩ラ,漏ラ,盛ラ,毛羅,萌蘭
モライ,貰イ
ライ,来,癩,羅維,萊,雷,頼,reye,來依,来移,良衣,蕾衣,雷衣,lie,rai
ライマ,來馬
ライマメ,ライ豆
マミ,万美,摩美,満美,猯,目見,磨美,磨魅,舞美,茉美,魔魅,麻弥,万実,万見,愛深,摩実,摩宮,満実,眞實,眞弥,眞海,眞瑞,真巨,真望,真朱,真瑞,真魅,磨実,磨珠,磨見,舞実,舞弥,舞未,茉実,茉巳,茉弥,茉未,茉海,茉瑞,茉見,麻巳,麻水,麻海,麻珠,麻見,m@mi,mami,摩味,真ミ,真彌
マミレ,塗レ
ミレ,看レ,瞥レ,見レ,視レ,覧レ,観レ,診レ,試レ,靚レ,深蓮
レマ,怜磨,麗麻,remah,玲麻
ママトモ,ママ友
マト,俟ト,待ト,的,竢ト,満兎,真登,麻戸,mato
マトモ,真トモ
トモ,伴,供,侶,俱,倶,偕,共,友,富モ,智,知,與,艫,豆毛,鞆,冬萌,戸茂,斗望,東萌,渡茂,渡萌,登茂,登萌,都茂,tomo,杜茂
モガ,moga,捥ガ
モガク,藻掻ク,藻搔ク,踠ク
ウマ,上手,倦マ,午,宇摩,巧,惓マ,旨,熟マ,甘,生,生マ,産マ,績マ,美味,膿マ,馬,uma,宇麻
ウマヤ,厩,廐,駅家,宇磨谷,宇麼谷
マヤ,摩耶,真弥,真耶,茉耶,麻也,麻弥,麻椰,麻矢,麻耶,maya,万椰,万矢,万耶,摩也,摩弥,摩矢,眞也,眞冶,眞弥,眞彩,眞耶,真冶,真椰,磨家,磨矢,磨耶,稀耶,舞弥,舞耶,茉也,茉冶,茉弥,茉椰,茉矢,馬也,魔也,魔弥,麻冶,麻哉,麻夜,麻文,麻綾,ma-ya,万射
マヤノ,麻也乃,麻矢乃,麻耶乃
ヤノ,弥野,彌野,椰野,矢埜
ヤノマ,矢野間,矢野馬
マエ,万江,前,舞エ,摩江,舞咲,茉映,茉絵,間恵,間永,麻恵,麻絵
マエノ,前埜,間江野
エノ,恵乃,恵野,絵望,繪野,eno
ヌレ,塗レ,寐レ,寝レ,濡レ
レナ,伶奈,伶菜,玲凪,玲奈,玲那,麗奈,lena,令梛,令菜,伶南,伶名,伶梛,伶那,冷那,嶺奈,怜南,怜名,怜有,怜茄,怜菜,怜那,恋名,恋奈,恋菜,恋那,札奈,澪奈,澪波,澪菜,澪那,玲七,玲來,玲南,玲名,玲和,玲女,玲寧,玲永,礼南,礼名,礼夏,礼捺,礼梛,礼菜,礼那,羚七,羚南,羚名,羚夏,羚生,羚納,羚那,蓮菜,鈴梛,鈴那,零菜,麗七,麗南,麗名,麗成,麗菜,麗那,黎奈
ムギワラ,麦ワラ
ギワ,際
ワラ,割ラ,和良,瓦剌,破ラ,藁,wara
ムコ,剝コ,剥コ,向コ,壻,婿,武庫,無辜,聟,muco
ムコウ,剝コウ,剥コウ,向ウ,向コウ,向フ,向日,対ウ,某甲,無效,無鉤,夢鴿
ムコウノ,向野
ナゲシ,長押
ゲシ,夏至,罌粟,芥子,解シ
ガナ,仮名,仮字,gonna
ナギ,凪,凪ギ,和ギ,梛,椰木,竹柏,薙ギ,那岐,凪季,凪樹,南祇,南義,梛木,菜葵,那木,南木
ナギナタ,薙刀,長刀
ナタ,那谷,鉈,那多,那田
タガ,箍,多家,夛賀
タガナ,多賀名
ワタ,棉,綿,腸
ワタシ,妾,渡,渡シ,私,渡司,渡士,渡師,渡志
タシ,足シ,tashi
アナ,亜那,孔,穴,竅,有那,阿奈,阿那,ana
アナタ,彼方,貴女,貴方,貴郎
タニ,谷,谿,多児
タニア,tania,多仁亜
ニア,neer,nia,neah,near
ニアワ,似アワ,似合ワ
アワレ,可哀,哀レ,憐レ,憫レ,awale
アワレマ,哀レマ,愍マ,愍レマ,憐マ,憐レマ,憫マ,憫レマ,矜レマ
ワレ,割,割レ,吾,吾レ,我,我レ,破レ
マレ,希,稀,稀レ,male
タク,卓,多久,宅,托,択,拓,濯,炊ク,炷ク,焚ク,琢,田久,鐸,夛久,太玖,太矩,taku,taq
クナイ,宮内,苦無,久内,工内
イノダ,伊野田,井野田,猪野田,稲生田
ショウヒ,踵腓,松扉,粧妃
ヒシ,彼此,榧子,比シ,皮脂,秘シ,秘旨,菱,賁思,避止,菱交
ニョコ,如己
ギヒ,偽扉,犠飛
ギク,疑惧,疑懼,菊
クギヌキ,クギ抜キ,釘抜,釘抜キ
ギヌ,帛布,絹,衣
ヌキデ,抜キ出
ヌク,抜ク,拔ク,温
ヌクク,温ク
クク,九々,区々,區々,栩々,栩栩,苦々,kuku
リョカッ,旅客
カッキ,劃期,嚇機,客気,画期
キヒ,基肥
ヒャッ,百
ヒャッキ,百亀
キカク,亀鶴,企劃,企画,企畫,棋客,喜覺
カク,佳句,各,家駒,恁ク,挂ク,掛ク,掻ク,搔ク,斯,書ク,書クゥ,核,格,槨,欠ク,殻,玷ク,画,確,缺ク,膈,舁ク,覚,角,賀来,賈詡,赫,郝,郭,閣,闕ク,霍,香久,加久,加來,加耒,可久,華宮,賀久,賀來,賀耒,香玖,kaku
カクキ,郭熙,郭煕
カクキャ,角キャ
クヒ,俱非,喰ヒ,食ヒ
ヒャク,百
クニ,久迩,久邇,六合,国,國,恭仁,軍尼,邦,久仁,久爾,公仁,国儒,玖仁,紅仁,kuni
ニン,人,仁,任,似ン,烹ン,煮ン,肖ン,認
シュウセ,修セ,執セ,繡セ,shuse
シュウセイ,修省,柊生,秀征,秋聲,習性,醜聲,柊晴,洲勢,秀誠,脩晟,愁生,柊成
ウセイ,迂生
セイ,say,世,仕イ,制,勢,咳イ,堰イ,塞イ,声,姓,急イ,性,成,所為,擠,政,整,斉,星,正,清,済,為イ,生,盛,精,聖,背,製,西,青,静,勢井,勢衣,瀬以,瀬依,瀬維,ceui,tse,静掃舎
ヅツ,筒
チョウサ,潮差,調サ
チョウサシ,調査士,長沙市
チョウサショ,調査書
ウサ,憂サ,菟狭,usa,宇咲,羽咲
ウサシ,宇佐市,宇佐氏
サシ,刺,刺シ,射シ,尺,差,差シ,指シ,挿,挿シ,止シ,注シ,渣滓,点シ,砂嘴,緡,螫シ,鎖シ,左思
ショソ,処ソ,処措
ショソウ,処ソウ,書窓,書箱
ソウサ,匝瑳,奏サ,捜査,搜査,操作,sousa,匝嵯
ソウサチュウ,捜査中
サチュウ,左仲
デンセン,伝染
デンセンビョウ,伝染病
センビ,戦備,釧美
センビョウ,瞻病,線描
ヨボウ,呼ボウ,喚ボウ,招ボウ,称ボウ,輿望
ボウビ,防備
ビョウイン,病因
ウイン,uin
ビョウシ,廟祀,拍子,病豕,表紙
ボウソ,妨訴
ボウソウ,疱瘡
ソウセ,奏セ,相セ,草セ
ソウセイ,奏請,早逝,簇生,蒼生,双井,爽晴,聡晟,蒼世
セイソ,制ソ,清ソ
セイソウ,凄愴,制ソウ,悽愴,政争,正操,清ソウ,清掃,盛粧,西廂,征曹,聖三,誠宗,靖宗
イソウ,磯ウ,移相,移葬,移送,井漕,井藻,射添,石生
ソウシュ,操守,操手,漕手
キョシ,去私,巨嘴,拒止,挙止,鋸歯
キョショ,滸墅
キョショク,拒食
キョショクショウ,拒食症
ショク,嘱,植,殖,燭,続,續,職,色,蜀,蝕,触,軾,食,飾
ショクシ,嘱シ,属シ,式子,蝕シ,食シ,食屍,食思
ショクショ,飾緒
ショクショウ,職掌
クショウ,苦笑
ショウノ,笙,奨之,庄ノ,庄埜,昌野,正埜,莊埜,菖野,醤野
キョウソ,供ソ,教組
ソト,外,曾戸
トキ,凍季,刻,土宜,土岐,外喜,斎,斗煕,時,朱鷺,溶キ,疾キ,登喜,登貴,解キ,説キ,釈キ,閧,鬨,鯨波,鴇,鴾,利紀,叶響,吐希,土枝,斗輝,橙輝,永姫,登季,登岐,登希,登幾,登木,登樹,登紀,翔季,虎希,音喜,音季,音木,音樹,音生乃,音祈,音稀,音紀,音葵,音貴,toki
トキョウ,斗拱,斗栱,都嶠
トキョウソ,都教組
トキョウソウ,徒競走
キョウソウ,供ソウ,叫騒,狂燥,狂騒,競争,競漕,京増,恭宗
ソウス,奏ス,相須
ソウスル,奏スル,相スル,草スル
ウス,有珠,碓,臼,薄,宇須
スル,仕ル,刷ル,剃ル,掏ル,摩ル,摺ル,擂ル,擦ル,為ル,磨ル,suru
ルコ,瑠子,瑠瑚
コウシ,交阯,光鵄,功嗣,効シ,厚志,合志,嚆矢,好嗜,巧史,巧思,巷子,広肆,後嗣,後翅,慷シ,抗シ,更始,格子,猴子,甲之,皇嗣,皓歯,紅紫,紅絲,興嗣,薨シ,虹芝,貢士,鈎子,高思,高脂,侯之,凰紫,巧子,幸吏,昂志,晃志,興士,興志,閤師,恒士
コウショ,光緒,后渚,向暑,孝胥,広儲,高翥
ショキ,庶幾,暑気,舒淇,舒琪,諸曁
ショキョウ,松喬
キョウフ,恐怖,教父,轎夫,驚怖
キョウフショウ,恐怖症,恐怖省
フシ,五倍子,付シ,伏シ,父子,節,腐屍,臥シ,賦シ,附シ,布柴
フショ,補処
フショウ,不肖,不詳,不請,夫椒,普照,父称,傅昭
ウノコ,鵜ノ子,鵜子,右ノ子
ウノコウ,宇野港
ノコ,退コ,鋸,noco
ノコウ,退コウ
コウソ,公訴,控訴,皇疏,貢租,酵素,神尊
コウソウ,倥偬,厚葬,咬創,宏壮,後送,抗争,構想,紅糟,紅藻,航送,荒草,行粧,訌争,項莊,高ソウ,高燥,浩壯,紘三,興三,興宗,香窓
キョウノ,竟野
ナマダラ,生ダラ
マダラ,斑,斑ラ,馬渡
ダラ,陀羅,鱈,darra
ラナ,楽名,楽奈,楽成,楽渚,楽菜,楽那,浦菜,羅七,羅那,良名,良奈,良寧,良波,良菜,良那,藍菜,蘭七,蘭南,蘭奈,蘭菜,頼那,lana,la-na,来渚
マナガツオ,真魚鰹,真味鰹,魚味鰹
ガツ,月
ガツオ,鰹
オナ,小奈,尾那
シャノ,車埜
ノシャ,伸シャ,熨シャ
シャチ,鯱,紗士
シャチョウ,謝徴
ウガ,宇加,uga
シチ,七,砥地,質
シチュー,sitw
ヒショ,避暑
ヒショウ,卑ショウ,比照,非訟,飛ショウ
ツヨ,勁,強,靭
ヨボウホウ,予防法
ホ,保,圃,堡,帆,捕,歩,穂,舗,葡,補
ホウ,侯,俸,包,匍ウ,匐ウ,報,宝,峯,峰,幇,彭,方,法,泡,砲,礮,胞,苞,袍,訪,這ウ,鮑,鵬,龐,鶯蒲,hou
チョウシュリツ,聴取率
シュリ,修理,戌里,珠莉,守璃,朱凛,朱浬,朱璃,柊吏,洵里,珠梨,syuri,shri,朱凌,趣里
リツ,律,栗,率,立,利都,李都,梨津,梨都,理都,璃津,莉都,里都,ritsu
チョウサチョウ,調査庁
ウサチョウ,宇佐町
ポ,歩
ポン,品,本,pon!,pon,pong
ツコ,付コ,即コ,吐コ,就コ,従コ,憑コ,搗コ,撞コ,支コ,活コ,点コ,着コ,突コ,築コ,著コ,衝コ,蹤コ,附コ
コン,今,凝ン,婚,崑,懇,昆,根,梱ン,棍,樵ン,混,混ン,渾,献,痕,紺,込ン,金,閽,髠,kon
コンポ,近保
ポポ,popo
ウガチ,穿チ,宇賀地
ガチ,勝,勝チ,雅致